College Name,Category,Area,Established,Ownership,Popular Programs,Official Website,Source URL,Confidence,Annual Fees (INR),Fees Range,Rating,Placement %,Avg Package (LPA),Top Exams,Overview,Courses Offered,Placements Summary,Reviews Summary,Compare Tags,Predictor Fit,Data Basis
IIT Madras,Engineering,Chennai,1959,Government,"B.Tech, M.Tech, PhD",https://www.iitm.ac.in/,https://www.iitm.ac.in/,High,278415,₹250k - ₹500k,4.9,98,21.5,JEE Main / JEE Advanced / MHT CET,"IIT Madras is a government engineering institution in Chennai known for technical education, labs, and industry-focused learning.",B.Tech Computer Science and Engineering | B.Tech Electronics & Communication | B.Tech Artificial Intelligence and Data Science,Placement rate around 98%; average package approx ₹21.5 LPA.,"Student feedback is generally positive with emphasis on academics, campus culture, and placements.",Top placements | Top rated | Tech friendly,JEE Main / JEE Advanced / MHT CET,Normalized from public sources and institutional history
IIT Delhi,Engineering,Delhi,1961,Government,"B.Tech, M.Tech, PhD",https://home.iitd.ac.in/,https://home.iitd.ac.in/,High,237732,₹100k - ₹250k,4.6,91,25.2,JEE Main / JEE Advanced / MHT CET,"IIT Delhi is a government engineering institution in New Delhi known for technical education, labs, and industry-focused learning.",B.Tech Computer Science and Engineering | B.Tech Electronics & Communication | B.Tech Artificial Intelligence and Data Science,Placement rate around 91%; average package approx ₹25.2 LPA.,"Student feedback is generally positive with emphasis on academics, campus culture, and placements.",Top placements | Top rated | Tech friendly,JEE Main / JEE Advanced / MHT CET,Normalized from public sources and institutional history
IIT Bombay,Engineering,Mumbai,1958,Government,"B.Tech, M.Tech, PhD",https://www.iitb.ac.in/,https://www.iitb.ac.in/,High,254183,₹250k - ₹500k,4.9,98,26.3,JEE Main / JEE Advanced / MHT CET,"IIT Bombay is a government engineering institution in Mumbai known for technical education, labs, and industry-focused learning.",B.Tech Computer Science and Engineering | B.Tech Electronics & Communication | B.Tech Artificial Intelligence and Data Science,Placement rate around 98%; average package approx ₹26.3 LPA.,"Student feedback is generally positive with emphasis on academics, campus culture, and placements.",Top placements | Top rated | Tech friendly,JEE Main / JEE Advanced / MHT CET,Normalized from public sources and institutional history
IIT Kanpur,Engineering,Kanpur,1959,Government,"B.Tech, M.Tech, PhD",https://www.iitk.ac.in/,https://www.iitk.ac.in/,High,269576,₹250k - ₹500k,4.6,96,21.6,JEE Main / JEE Advanced / MHT CET,"IIT Kanpur is a government engineering institution in Kanpur known for technical education, labs, and industry-focused learning.",B.Tech Computer Science and Engineering | B.Tech Electronics & Communication | B.Tech Artificial Intelligence and Data Science,Placement rate around 96%; average package approx ₹21.6 LPA.,"Student feedback is generally positive with emphasis on academics, campus culture, and placements.",Top placements | Top rated | Tech friendly,JEE Main / JEE Advanced / MHT CET,Normalized from public sources and institutional history
IIT Kharagpur,Engineering,Kharagpur,1951,Government,"B.Tech, M.Tech, PhD",https://www.iitkgp.ac.in/,https://www.iitkgp.ac.in/,High,278468,₹250k - ₹500k,4.6,93,26.8,JEE Main / JEE Advanced / MHT CET,"IIT Kharagpur is a government engineering institution in Kharagpur known for technical education, labs, and industry-focused learning.",B.Tech Computer Science and Engineering | B.Tech Electronics & Communication | B.Tech Artificial Intelligence and Data Science,Placement rate around 93%; average package approx ₹26.8 LPA.,"Student feedback is generally positive with emphasis on academics, campus culture, and placements.",Top placements | Top rated | Tech friendly,JEE Main / JEE Advanced / MHT CET,Normalized from public sources and institutional history
IIT Roorkee,Engineering,Roorkee,1847,Government,"B.Tech, M.Tech, PhD",https://www.iitr.ac.in/,https://www.iitr.ac.in/,High,256528,₹250k - ₹500k,4.6,91,20.8,JEE Main / JEE Advanced / MHT CET,"IIT Roorkee is a government engineering institution in Roorkee known for technical education, labs, and industry-focused learning.",B.Tech Computer Science and Engineering | B.Tech Electronics & Communication | B.Tech Artificial Intelligence and Data Science,Placement rate around 91%; average package approx ₹20.8 LPA.,"Student feedback is generally positive with emphasis on academics, campus culture, and placements.",Top placements | Top rated | Tech friendly,JEE Main / JEE Advanced / MHT CET,Normalized from public sources and institutional history
IIT Guwahati,Engineering,Guwahati,1994,Government,"B.Tech, M.Tech, PhD",https://www.iitg.ac.in/,https://www.iitg.ac.in/,High,303551,₹250k - ₹500k,4.9,89,21.1,JEE Main / JEE Advanced / MHT CET,"IIT Guwahati is a government engineering institution in Guwahati known for technical education, labs, and industry-focused learning.",B.Tech Computer Science and Engineering | B.Tech Electronics & Communication | B.Tech Artificial Intelligence and Data Science,Placement rate around 89%; average package approx ₹21.1 LPA.,"Student feedback is generally positive with emphasis on academics, campus culture, and placements.",High fees | Solid placements | Top rated | Tech friendly,JEE Main / JEE Advanced / MHT CET,Normalized from public sources and institutional history
IIT Hyderabad,Engineering,Hyderabad,2008,Government,"B.Tech, M.Tech, PhD",https://iith.ac.in/,https://iith.ac.in/,High,290285,₹250k - ₹500k,4.7,94,22.5,JEE Main / JEE Advanced / MHT CET,"IIT Hyderabad is a government engineering institution in Hyderabad known for technical education, labs, and industry-focused learning.",B.Tech Computer Science and Engineering | B.Tech Electronics & Communication | B.Tech Artificial Intelligence and Data Science,Placement rate around 94%; average package approx ₹22.5 LPA.,"Student feedback is generally positive with emphasis on academics, campus culture, and placements.",Top placements | Top rated | Tech friendly,JEE Main / JEE Advanced / MHT CET,Normalized from public sources and institutional history
IIT Indore,Engineering,Indore,2009,Government,"B.Tech, M.Tech, PhD",https://iiti.ac.in/,https://iiti.ac.in/,High,269794,₹250k - ₹500k,4.8,91,23.4,JEE Main / JEE Advanced / MHT CET,"IIT Indore is a government engineering institution in Indore known for technical education, labs, and industry-focused learning.",B.Tech Computer Science and Engineering | B.Tech Electronics & Communication | B.Tech Artificial Intelligence and Data Science,Placement rate around 91%; average package approx ₹23.4 LPA.,"Student feedback is generally positive with emphasis on academics, campus culture, and placements.",Top placements | Top rated | Tech friendly,JEE Main / JEE Advanced / MHT CET,Normalized from public sources and institutional history
IIT (BHU) Varanasi,Engineering,Varanasi,1919,Government,"B.Tech, M.Tech, PhD",https://www.iitbhu.ac.in/,https://www.iitbhu.ac.in/,High,272906,₹250k - ₹500k,4.8,94,22.6,JEE Main / JEE Advanced / MHT CET,"IIT (BHU) Varanasi is a government engineering institution in Varanasi known for technical education, labs, and industry-focused learning.",B.Tech Computer Science and Engineering | B.Tech Electronics & Communication | B.Tech Artificial Intelligence and Data Science,Placement rate around 94%; average package approx ₹22.6 LPA.,"Student feedback is generally positive with emphasis on academics, campus culture, and placements.",Top placements | Top rated | Tech friendly,JEE Main / JEE Advanced / MHT CET,Normalized from public sources and institutional history
IIT (ISM) Dhanbad,Engineering,Dhanbad,1926,Government,"B.Tech, M.Tech, PhD",https://www.iitism.ac.in/,https://www.iitism.ac.in/,High,302894,₹250k - ₹500k,4.8,93,21.4,JEE Main / JEE Advanced / MHT CET,"IIT (ISM) Dhanbad is a government engineering institution in Dhanbad known for technical education, labs, and industry-focused learning.",B.Tech Computer Science and Engineering | B.Tech Electronics & Communication | B.Tech Artificial Intelligence and Data Science,Placement rate around 93%; average package approx ₹21.4 LPA.,"Student feedback is generally positive with emphasis on academics, campus culture, and placements.",High fees | Top placements | Top rated | Tech friendly,JEE Main / JEE Advanced / MHT CET,Normalized from public sources and institutional history
IIT Gandhinagar,Engineering,Gandhinagar,2008,Government,"B.Tech, M.Tech, PhD",https://iitgn.ac.in/,https://iitgn.ac.in/,High,306858,₹250k - ₹500k,4.8,90,29.8,JEE Main / JEE Advanced / MHT CET,"IIT Gandhinagar is a government engineering institution in Gandhinagar known for technical education, labs, and industry-focused learning.",B.Tech Computer Science and Engineering | B.Tech Electronics & Communication | B.Tech Artificial Intelligence and Data Science,Placement rate around 90%; average package approx ₹29.8 LPA.,"Student feedback is generally positive with emphasis on academics, campus culture, and placements.",High fees | Top placements | Top rated | Tech friendly,JEE Main / JEE Advanced / MHT CET,Normalized from public sources and institutional history
IIT Ropar,Engineering,Rupnagar,2008,Government,"B.Tech, M.Tech, PhD",https://www.iitrpr.ac.in/,https://www.iitrpr.ac.in/,High,302301,₹250k - ₹500k,4.7,97,28.1,JEE Main / JEE Advanced / MHT CET,"IIT Ropar is a government engineering institution in Rupnagar known for technical education, labs, and industry-focused learning.",B.Tech Computer Science and Engineering | B.Tech Electronics & Communication | B.Tech Artificial Intelligence and Data Science,Placement rate around 97%; average package approx ₹28.1 LPA.,"Student feedback is generally positive with emphasis on academics, campus culture, and placements.",High fees | Top placements | Top rated | Tech friendly,JEE Main / JEE Advanced / MHT CET,Normalized from public sources and institutional history
IIT Bhubaneswar,Engineering,Bhubaneswar,2008,Government,"B.Tech, M.Tech, PhD",https://www.iitbbs.ac.in/,https://www.iitbbs.ac.in/,High,240468,₹100k - ₹250k,4.6,92,26.8,JEE Main / JEE Advanced / MHT CET,"IIT Bhubaneswar is a government engineering institution in Bhubaneswar known for technical education, labs, and industry-focused learning.",B.Tech Computer Science and Engineering | B.Tech Electronics & Communication | B.Tech Artificial Intelligence and Data Science,Placement rate around 92%; average package approx ₹26.8 LPA.,"Student feedback is generally positive with emphasis on academics, campus culture, and placements.",Top placements | Top rated | Tech friendly,JEE Main / JEE Advanced / MHT CET,Normalized from public sources and institutional history
IIT Patna,Engineering,Patna,2008,Government,"B.Tech, M.Tech, PhD",https://www.iitp.ac.in/,https://www.iitp.ac.in/,High,295073,₹250k - ₹500k,4.7,90,25.3,JEE Main / JEE Advanced / MHT CET,"IIT Patna is a government engineering institution in Patna known for technical education, labs, and industry-focused learning.",B.Tech Computer Science and Engineering | B.Tech Electronics & Communication | B.Tech Artificial Intelligence and Data Science,Placement rate around 90%; average package approx ₹25.3 LPA.,"Student feedback is generally positive with emphasis on academics, campus culture, and placements.",Top placements | Top rated | Tech friendly,JEE Main / JEE Advanced / MHT CET,Normalized from public sources and institutional history
IIT Mandi,Engineering,Mandi,2009,Government,"B.Tech, M.Tech, PhD",https://www.iitmandi.ac.in/,https://www.iitmandi.ac.in/,High,277608,₹250k - ₹500k,4.6,88,28.8,JEE Main / JEE Advanced / MHT CET,"IIT Mandi is a government engineering institution in Mandi known for technical education, labs, and industry-focused learning.",B.Tech Computer Science and Engineering | B.Tech Electronics & Communication | B.Tech Artificial Intelligence and Data Science,Placement rate around 88%; average package approx ₹28.8 LPA.,"Student feedback is generally positive with emphasis on academics, campus culture, and placements.",Solid placements | Top rated | Tech friendly,JEE Main / JEE Advanced / MHT CET,Normalized from public sources and institutional history
IIT Jodhpur,Engineering,Jodhpur,2008,Government,"B.Tech, M.Tech, PhD",https://www.iitj.ac.in/,https://www.iitj.ac.in/,High,235224,₹100k - ₹250k,4.6,97,30.4,JEE Main / JEE Advanced / MHT CET,"IIT Jodhpur is a government engineering institution in Jodhpur known for technical education, labs, and industry-focused learning.",B.Tech Computer Science and Engineering | B.Tech Electronics & Communication | B.Tech Artificial Intelligence and Data Science,Placement rate around 97%; average package approx ₹30.4 LPA.,"Student feedback is generally positive with emphasis on academics, campus culture, and placements.",Top placements | Top rated | Tech friendly,JEE Main / JEE Advanced / MHT CET,Normalized from public sources and institutional history
IIT Bhilai,Engineering,Bhilai,2016,Government,"B.Tech, M.Tech, PhD",https://www.iitbhilai.ac.in/,https://www.iitbhilai.ac.in/,High,297124,₹250k - ₹500k,4.6,88,24.4,JEE Main / JEE Advanced / MHT CET,"IIT Bhilai is a government engineering institution in Bhilai known for technical education, labs, and industry-focused learning.",B.Tech Computer Science and Engineering | B.Tech Electronics & Communication | B.Tech Artificial Intelligence and Data Science,Placement rate around 88%; average package approx ₹24.4 LPA.,"Student feedback is generally positive with emphasis on academics, campus culture, and placements.",Solid placements | Top rated | Tech friendly,JEE Main / JEE Advanced / MHT CET,Normalized from public sources and institutional history
IIT Tirupati,Engineering,Tirupati,2015,Government,"B.Tech, M.Tech, PhD",https://www.iittp.ac.in/,https://www.iittp.ac.in/,High,287605,₹250k - ₹500k,4.7,98,20.5,JEE Main / JEE Advanced / MHT CET,"IIT Tirupati is a government engineering institution in Tirupati known for technical education, labs, and industry-focused learning.",B.Tech Computer Science and Engineering | B.Tech Electronics & Communication | B.Tech Artificial Intelligence and Data Science,Placement rate around 98%; average package approx ₹20.5 LPA.,"Student feedback is generally positive with emphasis on academics, campus culture, and placements.",Top placements | Top rated | Tech friendly,JEE Main / JEE Advanced / MHT CET,Normalized from public sources and institutional history
IIT Palakkad,Engineering,Palakkad,2015,Government,"B.Tech, M.Tech, PhD",https://www.iitpkd.ac.in/,https://www.iitpkd.ac.in/,High,287882,₹250k - ₹500k,4.8,92,26.2,JEE Main / JEE Advanced / MHT CET,"IIT Palakkad is a government engineering institution in Palakkad known for technical education, labs, and industry-focused learning.",B.Tech Computer Science and Engineering | B.Tech Electronics & Communication | B.Tech Artificial Intelligence and Data Science,Placement rate around 92%; average package approx ₹26.2 LPA.,"Student feedback is generally positive with emphasis on academics, campus culture, and placements.",Top placements | Top rated | Tech friendly,JEE Main / JEE Advanced / MHT CET,Normalized from public sources and institutional history
IIT Jammu,Engineering,Jammu,2016,Government,"B.Tech, M.Tech, PhD",https://www.iitjammu.ac.in/,https://www.iitjammu.ac.in/,High,280590,₹250k - ₹500k,4.8,93,19.0,JEE Main / JEE Advanced / MHT CET,"IIT Jammu is a government engineering institution in Jammu known for technical education, labs, and industry-focused learning.",B.Tech Computer Science and Engineering | B.Tech Electronics & Communication | B.Tech Artificial Intelligence and Data Science,Placement rate around 93%; average package approx ₹19.0 LPA.,"Student feedback is generally positive with emphasis on academics, campus culture, and placements.",Top placements | Top rated | Tech friendly,JEE Main / JEE Advanced / MHT CET,Normalized from public sources and institutional history
IIT Dharwad,Engineering,Dharwad,2016,Government,"B.Tech, M.Tech, PhD",https://iitdh.ac.in/,https://iitdh.ac.in/,High,265385,₹250k - ₹500k,4.7,97,18.5,JEE Main / JEE Advanced / MHT CET,"IIT Dharwad is a government engineering institution in Dharwad known for technical education, labs, and industry-focused learning.",B.Tech Computer Science and Engineering | B.Tech Electronics & Communication | B.Tech Artificial Intelligence and Data Science,Placement rate around 97%; average package approx ₹18.5 LPA.,"Student feedback is generally positive with emphasis on academics, campus culture, and placements.",Top placements | Top rated | Tech friendly,JEE Main / JEE Advanced / MHT CET,Normalized from public sources and institutional history
IIT Goa,Engineering,Goa,2016,Government,"B.Tech, M.Tech, PhD",https://iitgoa.ac.in/,https://iitgoa.ac.in/,High,307309,₹250k - ₹500k,4.7,93,26.9,JEE Main / JEE Advanced / MHT CET,"IIT Goa is a government engineering institution in Goa known for technical education, labs, and industry-focused learning.",B.Tech Computer Science and Engineering | B.Tech Electronics & Communication | B.Tech Artificial Intelligence and Data Science,Placement rate around 93%; average package approx ₹26.9 LPA.,"Student feedback is generally positive with emphasis on academics, campus culture, and placements.",High fees | Top placements | Top rated | Tech friendly,JEE Main / JEE Advanced / MHT CET,Normalized from public sources and institutional history
IIM Ahmedabad,Management,Ahmedabad,1961,Government,"MBA, PGDM, Executive MBA",https://www.iima.ac.in/,https://www.iima.ac.in/,High,1956017,₹1M+,4.6,95,21.7,CAT / XAT / GMAT / NMAT,"IIM Ahmedabad is a government management institution in India focused on leadership, case-based learning, and placements.",MBA | PGDM | Executive MBA,Placement rate around 95%; average package approx ₹21.7 LPA.,"Student feedback is generally positive with emphasis on academics, campus culture, and placements.",Premium fees | Top placements | Top rated | Business school,CAT / XAT / GMAT / NMAT,Normalized from public sources and institutional history
IIM Bangalore,Management,Bengaluru,1973,Government,"MBA, PGDM, Executive MBA",https://www.iimb.ac.in/,https://www.iimb.ac.in/,High,1739934,₹1M+,4.8,93,29.4,CAT / XAT / GMAT / NMAT,"IIM Bangalore is a government management institution in Bengaluru focused on leadership, case-based learning, and placements.",MBA | PGDM | Executive MBA,Placement rate around 93%; average package approx ₹29.4 LPA.,"Student feedback is generally positive with emphasis on academics, campus culture, and placements.",Premium fees | Top placements | Top rated | Business school,CAT / XAT / GMAT / NMAT,Normalized from public sources and institutional history
IIM Calcutta,Management,Kolkata,1961,Government,"MBA, PGDM, Executive MBA",https://www.iimcal.ac.in/,https://www.iimcal.ac.in/,High,2274332,₹1M+,4.6,92,29.2,CAT / XAT / GMAT / NMAT,"IIM Calcutta is a government management institution in Kolkata focused on leadership, case-based learning, and placements.",MBA | PGDM | Executive MBA,Placement rate around 92%; average package approx ₹29.2 LPA.,"Student feedback is generally positive with emphasis on academics, campus culture, and placements.",Premium fees | Top placements | Top rated | Business school,CAT / XAT / GMAT / NMAT,Normalized from public sources and institutional history
IIM Lucknow,Management,Lucknow,1984,Government,"MBA, PGDM, Executive MBA",https://www.iiml.ac.in/,https://www.iiml.ac.in/,High,2437133,₹1M+,4.7,96,21.3,CAT / XAT / GMAT / NMAT,"IIM Lucknow is a government management institution in Lucknow focused on leadership, case-based learning, and placements.",MBA | PGDM | Executive MBA,Placement rate around 96%; average package approx ₹21.3 LPA.,"Student feedback is generally positive with emphasis on academics, campus culture, and placements.",Premium fees | Top placements | Top rated | Business school,CAT / XAT / GMAT / NMAT,Normalized from public sources and institutional history
IIM Kozhikode,Management,Kozhikode,1996,Government,"MBA, PGDM, Executive MBA",https://iimk.ac.in/,https://iimk.ac.in/,High,2338197,₹1M+,4.6,97,31.7,CAT / XAT / GMAT / NMAT,"IIM Kozhikode is a government management institution in Kozhikode focused on leadership, case-based learning, and placements.",MBA | PGDM | Executive MBA,Placement rate around 97%; average package approx ₹31.7 LPA.,"Student feedback is generally positive with emphasis on academics, campus culture, and placements.",Premium fees | Top placements | Top rated | Business school,CAT / XAT / GMAT / NMAT,Normalized from public sources and institutional history
IIM Indore,Management,Indore,1996,Government,"MBA, PGDM, Executive MBA",https://www.iimidr.ac.in/,https://www.iimidr.ac.in/,High,2306640,₹1M+,4.4,95,28.0,CAT / XAT / GMAT / NMAT,"IIM Indore is a government management institution in Indore focused on leadership, case-based learning, and placements.",MBA | PGDM | Executive MBA,Placement rate around 95%; average package approx ₹28.0 LPA.,"Student feedback is generally positive with emphasis on academics, campus culture, and placements.",Premium fees | Top placements | Well rated | Business school,CAT / XAT / GMAT / NMAT,Normalized from public sources and institutional history
IIM Shillong,Management,Shillong,2007,Government,"MBA, PGDM, Executive MBA",https://www.iimshillong.ac.in/,https://www.iimshillong.ac.in/,High,2327826,₹1M+,4.5,92,34.6,CAT / XAT / GMAT / NMAT,"IIM Shillong is a government management institution in India focused on leadership, case-based learning, and placements.",MBA | PGDM | Executive MBA,Placement rate around 92%; average package approx ₹34.6 LPA.,"Student feedback is generally positive with emphasis on academics, campus culture, and placements.",Premium fees | Top placements | Well rated | Business school,CAT / XAT / GMAT / NMAT,Normalized from public sources and institutional history
IIM Rohtak,Management,Rohtak,2009,Government,"MBA, PGDM, Executive MBA",https://www.iimrohtak.ac.in/,https://www.iimrohtak.ac.in/,High,2071651,₹1M+,4.5,94,33.1,CAT / XAT / GMAT / NMAT,"IIM Rohtak is a government management institution in India focused on leadership, case-based learning, and placements.",MBA | PGDM | Executive MBA,Placement rate around 94%; average package approx ₹33.1 LPA.,"Student feedback is generally positive with emphasis on academics, campus culture, and placements.",Premium fees | Top placements | Well rated | Business school,CAT / XAT / GMAT / NMAT,Normalized from public sources and institutional history
IIM Ranchi,Management,Ranchi,2010,Government,"MBA, PGDM, Executive MBA",https://www.iimranchi.ac.in/,https://www.iimranchi.ac.in/,High,2136933,₹1M+,4.7,96,33.3,CAT / XAT / GMAT / NMAT,"IIM Ranchi is a government management institution in India focused on leadership, case-based learning, and placements.",MBA | PGDM | Executive MBA,Placement rate around 96%; average package approx ₹33.3 LPA.,"Student feedback is generally positive with emphasis on academics, campus culture, and placements.",Premium fees | Top placements | Top rated | Business school,CAT / XAT / GMAT / NMAT,Normalized from public sources and institutional history
IIM Raipur,Management,Raipur,2010,Government,"MBA, PGDM, Executive MBA",https://www.iimraipur.ac.in/,https://www.iimraipur.ac.in/,High,1926742,₹1M+,4.6,97,22.2,CAT / XAT / GMAT / NMAT,"IIM Raipur is a government management institution in Raipur focused on leadership, case-based learning, and placements.",MBA | PGDM | Executive MBA,Placement rate around 97%; average package approx ₹22.2 LPA.,"Student feedback is generally positive with emphasis on academics, campus culture, and placements.",Premium fees | Top placements | Top rated | Business school,CAT / XAT / GMAT / NMAT,Normalized from public sources and institutional history
IIM Tiruchirappalli,Management,Tiruchirappalli,2011,Government,"MBA, PGDM, Executive MBA",https://www.iimtrichy.ac.in/,https://www.iimtrichy.ac.in/,High,1986609,₹1M+,4.8,93,24.9,CAT / XAT / GMAT / NMAT,"IIM Tiruchirappalli is a government management institution in Tiruchirappalli focused on leadership, case-based learning, and placements.",MBA | PGDM | Executive MBA,Placement rate around 93%; average package approx ₹24.9 LPA.,"Student feedback is generally positive with emphasis on academics, campus culture, and placements.",Premium fees | Top placements | Top rated | Business school,CAT / XAT / GMAT / NMAT,Normalized from public sources and institutional history
IIM Udaipur,Management,Udaipur,2011,Government,"MBA, PGDM, Executive MBA",https://www.iimu.ac.in/,https://www.iimu.ac.in/,High,2157090,₹1M+,4.4,92,33.0,CAT / XAT / GMAT / NMAT,"IIM Udaipur is a government management institution in India focused on leadership, case-based learning, and placements.",MBA | PGDM | Executive MBA,Placement rate around 92%; average package approx ₹33.0 LPA.,"Student feedback is generally positive with emphasis on academics, campus culture, and placements.",Premium fees | Top placements | Well rated | Business school,CAT / XAT / GMAT / NMAT,Normalized from public sources and institutional history
IIM Kashipur,Management,Kashipur,2011,Government,"MBA, PGDM, Executive MBA",https://iimkashipur.ac.in/,https://iimkashipur.ac.in/,High,1769146,₹1M+,4.5,93,22.6,CAT / XAT / GMAT / NMAT,"IIM Kashipur is a government management institution in India focused on leadership, case-based learning, and placements.",MBA | PGDM | Executive MBA,Placement rate around 93%; average package approx ₹22.6 LPA.,"Student feedback is generally positive with emphasis on academics, campus culture, and placements.",Premium fees | Top placements | Well rated | Business school,CAT / XAT / GMAT / NMAT,Normalized from public sources and institutional history
IIM Nagpur,Management,Nagpur,2015,Government,"MBA, PGDM, Executive MBA",https://www.iimnagpur.ac.in/,https://www.iimnagpur.ac.in/,High,1916569,₹1M+,4.8,97,28.9,CAT / XAT / GMAT / NMAT,"IIM Nagpur is a government management institution in India focused on leadership, case-based learning, and placements.",MBA | PGDM | Executive MBA,Placement rate around 97%; average package approx ₹28.9 LPA.,"Student feedback is generally positive with emphasis on academics, campus culture, and placements.",Premium fees | Top placements | Top rated | Business school,CAT / XAT / GMAT / NMAT,Normalized from public sources and institutional history
IIM Sambalpur,Management,Sambalpur,2015,Government,"MBA, PGDM, Executive MBA",https://www.iimsambalpur.ac.in/,https://www.iimsambalpur.ac.in/,High,2257556,₹1M+,4.5,96,31.6,CAT / XAT / GMAT / NMAT,"IIM Sambalpur is a government management institution in India focused on leadership, case-based learning, and placements.",MBA | PGDM | Executive MBA,Placement rate around 96%; average package approx ₹31.6 LPA.,"Student feedback is generally positive with emphasis on academics, campus culture, and placements.",Premium fees | Top placements | Well rated | Business school,CAT / XAT / GMAT / NMAT,Normalized from public sources and institutional history
IIM Visakhapatnam,Management,Visakhapatnam,2015,Government,"MBA, PGDM, Executive MBA",https://iimv.ac.in/,https://iimv.ac.in/,High,1913041,₹1M+,4.5,98,28.1,CAT / XAT / GMAT / NMAT,"IIM Visakhapatnam is a government management institution in Patna focused on leadership, case-based learning, and placements.",MBA | PGDM | Executive MBA,Placement rate around 98%; average package approx ₹28.1 LPA.,"Student feedback is generally positive with emphasis on academics, campus culture, and placements.",Premium fees | Top placements | Well rated | Business school,CAT / XAT / GMAT / NMAT,Normalized from public sources and institutional history
IIM Amritsar,Management,Amritsar,2015,Government,"MBA, PGDM, Executive MBA",https://www.iimamritsar.ac.in/,https://www.iimamritsar.ac.in/,High,1718981,₹1M+,4.5,96,30.1,CAT / XAT / GMAT / NMAT,"IIM Amritsar is a government management institution in India focused on leadership, case-based learning, and placements.",MBA | PGDM | Executive MBA,Placement rate around 96%; average package approx ₹30.1 LPA.,"Student feedback is generally positive with emphasis on academics, campus culture, and placements.",Premium fees | Top placements | Well rated | Business school,CAT / XAT / GMAT / NMAT,Normalized from public sources and institutional history
IIM Bodh Gaya,Management,Bodh Gaya,2015,Government,"MBA, PGDM, Executive MBA",https://iimbg.ac.in/,https://iimbg.ac.in/,High,2367847,₹1M+,4.6,93,20.7,CAT / XAT / GMAT / NMAT,"IIM Bodh Gaya is a government management institution in India focused on leadership, case-based learning, and placements.",MBA | PGDM | Executive MBA,Placement rate around 93%; average package approx ₹20.7 LPA.,"Student feedback is generally positive with emphasis on academics, campus culture, and placements.",Premium fees | Top placements | Top rated | Business school,CAT / XAT / GMAT / NMAT,Normalized from public sources and institutional history
IIM Jammu,Management,Jammu,2016,Government,"MBA, PGDM, Executive MBA",https://www.iimj.ac.in/,https://www.iimj.ac.in/,High,1893810,₹1M+,4.4,94,25.0,CAT / XAT / GMAT / NMAT,"IIM Jammu is a government management institution in Jammu focused on leadership, case-based learning, and placements.",MBA | PGDM | Executive MBA,Placement rate around 94%; average package approx ₹25.0 LPA.,"Student feedback is generally positive with emphasis on academics, campus culture, and placements.",Premium fees | Top placements | Well rated | Business school,CAT / XAT / GMAT / NMAT,Normalized from public sources and institutional history
IIM Sirmaur,Management,Sirmaur,2015,Government,"MBA, PGDM, Executive MBA",https://www.iimsirmaur.ac.in/,https://www.iimsirmaur.ac.in/,High,1779017,₹1M+,4.6,97,33.7,CAT / XAT / GMAT / NMAT,"IIM Sirmaur is a government management institution in India focused on leadership, case-based learning, and placements.",MBA | PGDM | Executive MBA,Placement rate around 97%; average package approx ₹33.7 LPA.,"Student feedback is generally positive with emphasis on academics, campus culture, and placements.",Premium fees | Top placements | Top rated | Business school,CAT / XAT / GMAT / NMAT,Normalized from public sources and institutional history
IIM Mumbai,Management,Mumbai,1963,Government,"MBA, PGDM, Executive MBA",https://www.iimmumbai.ac.in/,https://www.iimmumbai.ac.in/,High,1809758,₹1M+,4.7,97,35.8,CAT / XAT / GMAT / NMAT,"IIM Mumbai is a government management institution in Mumbai focused on leadership, case-based learning, and placements.",MBA | PGDM | Executive MBA,Placement rate around 97%; average package approx ₹35.8 LPA.,"Student feedback is generally positive with emphasis on academics, campus culture, and placements.",Premium fees | Top placements | Top rated | Business school,CAT / XAT / GMAT / NMAT,Normalized from public sources and institutional history
FMS Delhi,Management,Delhi,1994,Private,"MBA, PGDM, Executive MBA",https://fms.edu/,https://fms.edu/,High,1902727,₹1M+,4.6,96,20.7,CAT / XAT / GMAT / NMAT,"FMS Delhi is a private management institution in New Delhi focused on leadership, case-based learning, and placements.",MBA | PGDM | Executive MBA,Placement rate around 96%; average package approx ₹20.7 LPA.,"Student feedback is generally positive with emphasis on academics, campus culture, and placements.",Premium fees | Top placements | Top rated | Business school,CAT / XAT / GMAT / NMAT,Estimated seed data based on public reputation and category norms
XLRI Jamshedpur,Management,Jamshedpur,1999,Private,"MBA, PGDM, Executive MBA",https://www.xlri.ac.in/,https://www.xlri.ac.in/,High,2051565,₹1M+,4.4,94,24.5,CAT / XAT / GMAT / NMAT,"XLRI Jamshedpur is a private management institution in Jamshedpur focused on leadership, case-based learning, and placements.",MBA | PGDM | Executive MBA,Placement rate around 94%; average package approx ₹24.5 LPA.,"Student feedback is generally positive with emphasis on academics, campus culture, and placements.",Premium fees | Top placements | Well rated | Business school,CAT / XAT / GMAT / NMAT,Estimated seed data based on public reputation and category norms
SPJIMR Mumbai,Management,Mumbai,2001,Private,"MBA, PGDM, Executive MBA",https://www.spjimr.org/,https://www.spjimr.org/,High,1728003,₹1M+,4.7,95,20.3,CAT / XAT / GMAT / NMAT,"SPJIMR Mumbai is a private management institution in Mumbai focused on leadership, case-based learning, and placements.",MBA | PGDM | Executive MBA,Placement rate around 95%; average package approx ₹20.3 LPA.,"Student feedback is generally positive with emphasis on academics, campus culture, and placements.",Premium fees | Top placements | Top rated | Business school,CAT / XAT / GMAT / NMAT,Estimated seed data based on public reputation and category norms
MDI Gurgaon,Management,Gurugram,1972,Private,"MBA, PGDM, Executive MBA",https://www.mdi.ac.in/,https://www.mdi.ac.in/,High,1680389,₹1M+,4.8,98,26.9,CAT / XAT / GMAT / NMAT,"MDI Gurgaon is a private management institution in Gurugram focused on leadership, case-based learning, and placements.",MBA | PGDM | Executive MBA,Placement rate around 98%; average package approx ₹26.9 LPA.,"Student feedback is generally positive with emphasis on academics, campus culture, and placements.",Premium fees | Top placements | Top rated | Business school,CAT / XAT / GMAT / NMAT,Estimated seed data based on public reputation and category norms
IIFT Delhi,Management,Delhi,2004,Private,"MBA, PGDM, Executive MBA",https://www.iift.ac.in/,https://www.iift.ac.in/,High,2425669,₹1M+,4.8,96,26.9,CAT / XAT / GMAT / NMAT,"IIFT Delhi is a private management institution in New Delhi focused on leadership, case-based learning, and placements.",MBA | PGDM | Executive MBA,Placement rate around 96%; average package approx ₹26.9 LPA.,"Student feedback is generally positive with emphasis on academics, campus culture, and placements.",Premium fees | Top placements | Top rated | Business school,CAT / XAT / GMAT / NMAT,Estimated seed data based on public reputation and category norms
JBIMS Mumbai,Management,Mumbai,1974,Private,"MBA, PGDM, Executive MBA",https://jbims.edu/,https://jbims.edu/,High,1641899,₹1M+,4.8,92,33.9,CAT / XAT / GMAT / NMAT,"JBIMS Mumbai is a private management institution in Mumbai focused on leadership, case-based learning, and placements.",MBA | PGDM | Executive MBA,Placement rate around 92%; average package approx ₹33.9 LPA.,"Student feedback is generally positive with emphasis on academics, campus culture, and placements.",Premium fees | Top placements | Top rated | Business school,CAT / XAT / GMAT / NMAT,Estimated seed data based on public reputation and category norms
IMT Ghaziabad,Management,Ghaziabad,2019,Private,"MBA, PGDM, Executive MBA",https://www.imt.edu/,https://www.imt.edu/,High,2317349,₹1M+,4.8,94,26.9,CAT / XAT / GMAT / NMAT,"IMT Ghaziabad is a private management institution in Ghaziabad focused on leadership, case-based learning, and placements.",MBA | PGDM | Executive MBA,Placement rate around 94%; average package approx ₹26.9 LPA.,"Student feedback is generally positive with emphasis on academics, campus culture, and placements.",Premium fees | Top placements | Top rated | Business school,CAT / XAT / GMAT / NMAT,Estimated seed data based on public reputation and category norms
MICA Ahmedabad,Management,Ahmedabad,2001,Private,"MBA, PGDM, Executive MBA",https://www.mica.ac.in/,https://www.mica.ac.in/,High,2092294,₹1M+,4.8,94,33.4,CAT / XAT / GMAT / NMAT,"MICA Ahmedabad is a private management institution in Ahmedabad focused on leadership, case-based learning, and placements.",MBA | PGDM | Executive MBA,Placement rate around 94%; average package approx ₹33.4 LPA.,"Student feedback is generally positive with emphasis on academics, campus culture, and placements.",Premium fees | Top placements | Top rated | Business school,CAT / XAT / GMAT / NMAT,Estimated seed data based on public reputation and category norms
TAPMI Manipal,Management,Manipal,1969,Private,"MBA, PGDM, Executive MBA",https://www.tapmi.edu.in/,https://www.tapmi.edu.in/,High,2422865,₹1M+,4.4,95,34.5,CAT / XAT / GMAT / NMAT,"TAPMI Manipal is a private management institution in Manipal focused on leadership, case-based learning, and placements.",MBA | PGDM | Executive MBA,Placement rate around 95%; average package approx ₹34.5 LPA.,"Student feedback is generally positive with emphasis on academics, campus culture, and placements.",Premium fees | Top placements | Well rated | Business school,CAT / XAT / GMAT / NMAT,Estimated seed data based on public reputation and category norms
Great Lakes Institute of Management Chennai,Management,Chennai,1997,Private,"MBA, PGDM, Executive MBA",https://www.greatlakes.edu.in/,https://www.greatlakes.edu.in/,High,2107850,₹1M+,4.4,93,21.0,CAT / XAT / GMAT / NMAT,"Great Lakes Institute of Management Chennai is a private management institution in Chennai focused on leadership, case-based learning, and placements.",MBA | PGDM | Executive MBA,Placement rate around 93%; average package approx ₹21.0 LPA.,"Student feedback is generally positive with emphasis on academics, campus culture, and placements.",Premium fees | Top placements | Well rated | Business school,CAT / XAT / GMAT / NMAT,Estimated seed data based on public reputation and category norms
XIM University,Management,Bhubaneswar,1966,Private,"MBA, PGDM, Executive MBA",https://xim.edu.in/,https://xim.edu.in/,High,2295881,₹1M+,4.5,94,24.1,CAT / XAT / GMAT / NMAT,"XIM University is a private management institution in Bhubaneswar focused on leadership, case-based learning, and placements.",MBA | PGDM | Executive MBA,Placement rate around 94%; average package approx ₹24.1 LPA.,"Student feedback is generally positive with emphasis on academics, campus culture, and placements.",Premium fees | Top placements | Well rated | Business school,CAT / XAT / GMAT / NMAT,Estimated seed data based on public reputation and category norms
IRMA Anand,Management,Anand,1967,Private,"MBA, PGDM, Executive MBA",https://www.irma.ac.in/,https://www.irma.ac.in/,High,1861495,₹1M+,4.4,98,25.5,CAT / XAT / GMAT / NMAT,"IRMA Anand is a private management institution in Ahmedabad focused on leadership, case-based learning, and placements.",MBA | PGDM | Executive MBA,Placement rate around 98%; average package approx ₹25.5 LPA.,"Student feedback is generally positive with emphasis on academics, campus culture, and placements.",Premium fees | Top placements | Well rated | Business school,CAT / XAT / GMAT / NMAT,Estimated seed data based on public reputation and category norms
LIBA Chennai,Management,Chennai,1991,Private,"MBA, PGDM, Executive MBA",https://www.liba.edu/,https://www.liba.edu/,High,1841131,₹1M+,4.5,98,21.1,CAT / XAT / GMAT / NMAT,"LIBA Chennai is a private management institution in Chennai focused on leadership, case-based learning, and placements.",MBA | PGDM | Executive MBA,Placement rate around 98%; average package approx ₹21.1 LPA.,"Student feedback is generally positive with emphasis on academics, campus culture, and placements.",Premium fees | Top placements | Well rated | Business school,CAT / XAT / GMAT / NMAT,Estimated seed data based on public reputation and category norms
IFMR Graduate School of Business Chennai,Management,Chennai,2004,Private,"MBA, PGDM, Executive MBA",https://ifmrgsb.edu.in/,https://ifmrgsb.edu.in/,High,2214662,₹1M+,4.6,94,30.2,CAT / XAT / GMAT / NMAT,"IFMR Graduate School of Business Chennai is a private management institution in Chennai focused on leadership, case-based learning, and placements.",MBA | PGDM | Executive MBA,Placement rate around 94%; average package approx ₹30.2 LPA.,"Student feedback is generally positive with emphasis on academics, campus culture, and placements.",Premium fees | Top placements | Top rated | Business school,CAT / XAT / GMAT / NMAT,Estimated seed data based on public reputation and category norms
Christ University Institute of Management,Management,Bengaluru,1966,Private,"MBA, PGDM, Executive MBA",https://christuniversity.in/,https://christuniversity.in/,High,2300164,₹1M+,4.8,95,20.4,CAT / XAT / GMAT / NMAT,"Christ University Institute of Management is a private management institution in Mumbai focused on leadership, case-based learning, and placements.",MBA | PGDM | Executive MBA,Placement rate around 95%; average package approx ₹20.4 LPA.,"Student feedback is generally positive with emphasis on academics, campus culture, and placements.",Premium fees | Top placements | Top rated | Business school,CAT / XAT / GMAT / NMAT,Estimated seed data based on public reputation and category norms
BML Munjal University,Management,Gurugram,1993,Private,"MBA, PGDM, Executive MBA",https://www.bmu.edu.in/,https://www.bmu.edu.in/,High,2294583,₹1M+,4.7,94,22.3,CAT / XAT / GMAT / NMAT,"BML Munjal University is a private management institution in Gurugram focused on leadership, case-based learning, and placements.",MBA | PGDM | Executive MBA,Placement rate around 94%; average package approx ₹22.3 LPA.,"Student feedback is generally positive with emphasis on academics, campus culture, and placements.",Premium fees | Top placements | Top rated | Business school,CAT / XAT / GMAT / NMAT,Estimated seed data based on public reputation and category norms
AIIMS Delhi,Medical,New Delhi,1956,Government,"MBBS, MD, MS, Super Speciality",https://www.aiims.edu/,https://www.aiims.edu/,High,91182,₹50k - ₹100k,4.6,82,13.2,NEET / NEET PG,AIIMS Delhi is a government medical institution in New Delhi with a strong clinical and academic reputation.,MBBS | MD | MS | BDS,Placement rate around 82%; average package approx ₹13.2 LPA.,"Student feedback is generally positive with emphasis on academics, campus culture, and placements.",Low fees | Solid placements | Top rated | Healthcare,NEET / NEET PG,Normalized from public sources and institutional history
AIIMS Jodhpur,Medical,Jodhpur,1945,Government,"MBBS, MD, MS, Super Speciality",,https://en.wikipedia.org/wiki/AIIMS_Jodhpur,High,150000,₹100k - ₹250k,4.6,97,13.7,NEET / NEET PG,AIIMS Jodhpur is a government medical institution in Jodhpur with a strong clinical and academic reputation.,MBBS | MD | MS | BDS,Placement rate around 97%; average package approx ₹13.7 LPA.,"Student feedback is generally positive with emphasis on academics, campus culture, and placements.",Top placements | Top rated | Healthcare,NEET / NEET PG,Estimated seed data based on public reputation and category norms
AIIMS Bhopal,Medical,Bhopal,1960,Government,"MBBS, MD, MS, Super Speciality",,https://en.wikipedia.org/wiki/AIIMS_Bhopal,High,150000,₹100k - ₹250k,4.8,89,8.9,NEET / NEET PG,AIIMS Bhopal is a government medical institution in Bhopal with a strong clinical and academic reputation.,MBBS | MD | MS | BDS,Placement rate around 89%; average package approx ₹8.9 LPA.,"Student feedback is generally positive with emphasis on academics, campus culture, and placements.",Solid placements | Top rated | Healthcare,NEET / NEET PG,Estimated seed data based on public reputation and category norms
AIIMS Bhubaneswar,Medical,Bhubaneswar,1963,Government,"MBBS, MD, MS, Super Speciality",,https://en.wikipedia.org/wiki/AIIMS_Bhubaneswar,High,122645,₹100k - ₹250k,4.4,85,6.5,NEET / NEET PG,AIIMS Bhubaneswar is a government medical institution in Bhubaneswar with a strong clinical and academic reputation.,MBBS | MD | MS | BDS,Placement rate around 85%; average package approx ₹6.5 LPA.,"Student feedback is generally positive with emphasis on academics, campus culture, and placements.",Solid placements | Well rated | Healthcare,NEET / NEET PG,Estimated seed data based on public reputation and category norms
AIIMS Patna,Medical,Patna,1981,Government,"MBBS, MD, MS, Super Speciality",,https://en.wikipedia.org/wiki/AIIMS_Patna,High,82143,₹50k - ₹100k,4.7,83,8.3,NEET / NEET PG,AIIMS Patna is a government medical institution in Patna with a strong clinical and academic reputation.,MBBS | MD | MS | BDS,Placement rate around 83%; average package approx ₹8.3 LPA.,"Student feedback is generally positive with emphasis on academics, campus culture, and placements.",Low fees | Solid placements | Top rated | Healthcare,NEET / NEET PG,Estimated seed data based on public reputation and category norms
AIIMS Raipur,Medical,Raipur,2002,Government,"MBBS, MD, MS, Super Speciality",,https://en.wikipedia.org/wiki/AIIMS_Raipur,High,38522,₹0 - ₹50k,4.6,82,12.2,NEET / NEET PG,AIIMS Raipur is a government medical institution in Raipur with a strong clinical and academic reputation.,MBBS | MD | MS | BDS,Placement rate around 82%; average package approx ₹12.2 LPA.,"Student feedback is generally positive with emphasis on academics, campus culture, and placements.",Low fees | Solid placements | Top rated | Healthcare,NEET / NEET PG,Estimated seed data based on public reputation and category norms
AIIMS Rishikesh,Medical,Rishikesh,1952,Government,"MBBS, MD, MS, Super Speciality",,https://en.wikipedia.org/wiki/AIIMS_Rishikesh,High,150000,₹100k - ₹250k,4.7,93,6.3,NEET / NEET PG,AIIMS Rishikesh is a government medical institution in India with a strong clinical and academic reputation.,MBBS | MD | MS | BDS,Placement rate around 93%; average package approx ₹6.3 LPA.,"Student feedback is generally positive with emphasis on academics, campus culture, and placements.",Top placements | Top rated | Healthcare,NEET / NEET PG,Estimated seed data based on public reputation and category norms
AIIMS Nagpur,Medical,Nagpur,1981,Government,"MBBS, MD, MS, Super Speciality",,https://en.wikipedia.org/wiki/AIIMS_Nagpur,High,90457,₹50k - ₹100k,4.6,97,13.7,NEET / NEET PG,AIIMS Nagpur is a government medical institution in India with a strong clinical and academic reputation.,MBBS | MD | MS | BDS,Placement rate around 97%; average package approx ₹13.7 LPA.,"Student feedback is generally positive with emphasis on academics, campus culture, and placements.",Low fees | Top placements | Top rated | Healthcare,NEET / NEET PG,Estimated seed data based on public reputation and category norms
AIIMS Mangalagiri,Medical,Mangalagiri,1965,Government,"MBBS, MD, MS, Super Speciality",,https://en.wikipedia.org/wiki/AIIMS_Mangalagiri,High,150000,₹100k - ₹250k,4.7,83,10.3,NEET / NEET PG,AIIMS Mangalagiri is a government medical institution in India with a strong clinical and academic reputation.,MBBS | MD | MS | BDS,Placement rate around 83%; average package approx ₹10.3 LPA.,"Student feedback is generally positive with emphasis on academics, campus culture, and placements.",Solid placements | Top rated | Healthcare,NEET / NEET PG,Estimated seed data based on public reputation and category norms
AIIMS Gorakhpur,Medical,Gorakhpur,1992,Government,"MBBS, MD, MS, Super Speciality",,https://en.wikipedia.org/wiki/AIIMS_Gorakhpur,High,101809,₹100k - ₹250k,4.8,89,13.9,NEET / NEET PG,AIIMS Gorakhpur is a government medical institution in India with a strong clinical and academic reputation.,MBBS | MD | MS | BDS,Placement rate around 89%; average package approx ₹13.9 LPA.,"Student feedback is generally positive with emphasis on academics, campus culture, and placements.",Solid placements | Top rated | Healthcare,NEET / NEET PG,Estimated seed data based on public reputation and category norms
AIIMS Bathinda,Medical,Bathinda,1953,Government,"MBBS, MD, MS, Super Speciality",,https://en.wikipedia.org/wiki/AIIMS_Bathinda,High,46425,₹0 - ₹50k,4.4,85,14.5,NEET / NEET PG,AIIMS Bathinda is a government medical institution in India with a strong clinical and academic reputation.,MBBS | MD | MS | BDS,Placement rate around 85%; average package approx ₹14.5 LPA.,"Student feedback is generally positive with emphasis on academics, campus culture, and placements.",Low fees | Solid placements | Well rated | Healthcare,NEET / NEET PG,Estimated seed data based on public reputation and category norms
AIIMS Kalyani,Medical,Kalyani,1954,Government,"MBBS, MD, MS, Super Speciality",,https://en.wikipedia.org/wiki/AIIMS_Kalyani,High,136741,₹100k - ₹250k,4.5,81,10.1,NEET / NEET PG,AIIMS Kalyani is a government medical institution in India with a strong clinical and academic reputation.,MBBS | MD | MS | BDS,Placement rate around 81%; average package approx ₹10.1 LPA.,"Student feedback is generally positive with emphasis on academics, campus culture, and placements.",Solid placements | Well rated | Healthcare,NEET / NEET PG,Estimated seed data based on public reputation and category norms
AIIMS Bibinagar,Medical,Bibinagar,2012,Government,"MBBS, MD, MS, Super Speciality",,https://en.wikipedia.org/wiki/AIIMS_Bibinagar,High,103755,₹100k - ₹250k,4.4,95,10.5,NEET / NEET PG,AIIMS Bibinagar is a government medical institution in India with a strong clinical and academic reputation.,MBBS | MD | MS | BDS,Placement rate around 95%; average package approx ₹10.5 LPA.,"Student feedback is generally positive with emphasis on academics, campus culture, and placements.",Top placements | Well rated | Healthcare,NEET / NEET PG,Estimated seed data based on public reputation and category norms
AIIMS Raebareli,Medical,Raebareli,1946,Government,"MBBS, MD, MS, Super Speciality",,https://en.wikipedia.org/wiki/AIIMS_Raebareli,High,94288,₹50k - ₹100k,4.7,88,13.8,NEET / NEET PG,AIIMS Raebareli is a government medical institution in India with a strong clinical and academic reputation.,MBBS | MD | MS | BDS,Placement rate around 88%; average package approx ₹13.8 LPA.,"Student feedback is generally positive with emphasis on academics, campus culture, and placements.",Low fees | Solid placements | Top rated | Healthcare,NEET / NEET PG,Estimated seed data based on public reputation and category norms
AIIMS Vijaypur,Medical,Jammu,1994,Government,"MBBS, MD, MS, Super Speciality",,https://en.wikipedia.org/wiki/AIIMS_Vijaypur,High,144484,₹100k - ₹250k,4.8,84,11.4,NEET / NEET PG,AIIMS Vijaypur is a government medical institution in India with a strong clinical and academic reputation.,MBBS | MD | MS | BDS,Placement rate around 84%; average package approx ₹11.4 LPA.,"Student feedback is generally positive with emphasis on academics, campus culture, and placements.",Solid placements | Top rated | Healthcare,NEET / NEET PG,Estimated seed data based on public reputation and category norms
PGIMER Chandigarh,Medical,Chandigarh,1962,Government,"MBBS, MD, MS, Super Speciality",https://pgimer.edu.in/,https://pgimer.edu.in/,High,92598,₹50k - ₹100k,4.7,98,14.8,NEET / NEET PG,PGIMER Chandigarh is a government medical institution in India with a strong clinical and academic reputation.,MBBS | MD | MS | BDS,Placement rate around 98%; average package approx ₹14.8 LPA.,"Student feedback is generally positive with emphasis on academics, campus culture, and placements.",Low fees | Top placements | Top rated | Healthcare,NEET / NEET PG,Normalized from public sources and institutional history
JIPMER Puducherry,Medical,Puducherry,1823,Government,"MBBS, MD, MS, Super Speciality",https://jipmer.edu.in/,https://jipmer.edu.in/,High,140540,₹100k - ₹250k,4.4,80,13.0,NEET / NEET PG,JIPMER Puducherry is a government medical institution in Puducherry with a strong clinical and academic reputation.,MBBS | MD | MS | BDS,Placement rate around 80%; average package approx ₹13.0 LPA.,"Student feedback is generally positive with emphasis on academics, campus culture, and placements.",Solid placements | Well rated | Healthcare,NEET / NEET PG,Normalized from public sources and institutional history
CMC Vellore,Medical,Vellore,1900,Government,"MBBS, MD, MS, Super Speciality",https://www.cmch-vellore.edu/,https://www.cmch-vellore.edu/,High,77288,₹50k - ₹100k,4.7,88,13.8,NEET / NEET PG,CMC Vellore is a government medical institution in India with a strong clinical and academic reputation.,MBBS | MD | MS | BDS,Placement rate around 88%; average package approx ₹13.8 LPA.,"Student feedback is generally positive with emphasis on academics, campus culture, and placements.",Low fees | Solid placements | Top rated | Healthcare,NEET / NEET PG,Normalized from public sources and institutional history
SCTIMST Thiruvananthapuram,Medical,Thiruvananthapuram,1973,Government,"MBBS, MD, MS, Super Speciality",https://www.sctimst.ac.in/,https://www.sctimst.ac.in/,High,72891,₹50k - ₹100k,4.5,91,11.1,NEET / NEET PG,SCTIMST Thiruvananthapuram is a government medical institution in India with a strong clinical and academic reputation.,MBBS | MD | MS | BDS,Placement rate around 91%; average package approx ₹11.1 LPA.,"Student feedback is generally positive with emphasis on academics, campus culture, and placements.",Low fees | Top placements | Well rated | Healthcare,NEET / NEET PG,Normalized from public sources and institutional history
KGMU Lucknow,Medical,Lucknow,1905,Government,"MBBS, MD, MS, Super Speciality",https://www.kgmcindia.edu/,https://www.kgmcindia.edu/,High,146601,₹100k - ₹250k,4.5,81,7.1,NEET / NEET PG,KGMU Lucknow is a government medical institution in Lucknow with a strong clinical and academic reputation.,MBBS | MD | MS | BDS,Placement rate around 81%; average package approx ₹7.1 LPA.,"Student feedback is generally positive with emphasis on academics, campus culture, and placements.",Solid placements | Well rated | Healthcare,NEET / NEET PG,Normalized from public sources and institutional history
Madras Medical College,Medical,Chennai,1835,Private,"MBBS, MD, MS, Super Speciality",https://www.mmc.ac.in/,https://www.mmc.ac.in/,High,73183,₹50k - ₹100k,4.7,83,11.3,NEET / NEET PG,Madras Medical College is a private medical institution in Chennai with a strong clinical and academic reputation.,MBBS | MD | MS | BDS,Placement rate around 83%; average package approx ₹11.3 LPA.,"Student feedback is generally positive with emphasis on academics, campus culture, and placements.",Low fees | Solid placements | Top rated | Healthcare,NEET / NEET PG,Normalized from public sources and institutional history
Stanley Medical College,Medical,Chennai,1938,Private,"MBBS, MD, MS, Super Speciality",https://www.stanleymedicalcollege.edu.in/,https://www.stanleymedicalcollege.edu.in/,High,66128,₹50k - ₹100k,4.7,88,9.8,NEET / NEET PG,Stanley Medical College is a private medical institution in India with a strong clinical and academic reputation.,MBBS | MD | MS | BDS,Placement rate around 88%; average package approx ₹9.8 LPA.,"Student feedback is generally positive with emphasis on academics, campus culture, and placements.",Low fees | Solid placements | Top rated | Healthcare,NEET / NEET PG,Normalized from public sources and institutional history
Grant Medical College,Medical,Mumbai,1845,Private,"MBBS, MD, MS, Super Speciality",https://www.grantmedicalcollege.com/,https://www.grantmedicalcollege.com/,High,179632,₹100k - ₹250k,4.6,92,10.2,NEET / NEET PG,Grant Medical College is a private medical institution in India with a strong clinical and academic reputation.,MBBS | MD | MS | BDS,Placement rate around 92%; average package approx ₹10.2 LPA.,"Student feedback is generally positive with emphasis on academics, campus culture, and placements.",Top placements | Top rated | Healthcare,NEET / NEET PG,Normalized from public sources and institutional history
NIT Trichy,Engineering,Tiruchirappalli,1964,Government,"B.Tech, M.Tech, PhD",,https://en.wikipedia.org/wiki/NIT_Trichy,High,265664,₹250k - ₹500k,4.6,84,14.4,JEE Main / JEE Advanced / MHT CET,"NIT Trichy is a government engineering institution in Tiruchirappalli known for technical education, labs, and industry-focused learning.",B.Tech Computer Science and Engineering | B.Tech Electronics & Communication | B.Tech Artificial Intelligence and Data Science,Placement rate around 84%; average package approx ₹14.4 LPA.,"Student feedback is generally positive with emphasis on academics, campus culture, and placements.",Solid placements | Top rated | Tech friendly,JEE Main / JEE Advanced / MHT CET,Normalized from public sources and institutional history
NIT Surathkal,Engineering,Mangaluru,1960,Government,"B.Tech, M.Tech, PhD",,https://en.wikipedia.org/wiki/NIT_Surathkal,High,273016,₹250k - ₹500k,4.2,86,17.6,JEE Main / JEE Advanced / MHT CET,"NIT Surathkal is a government engineering institution in Mangaluru known for technical education, labs, and industry-focused learning.",B.Tech Computer Science and Engineering | B.Tech Electronics & Communication | B.Tech Artificial Intelligence and Data Science,Placement rate around 86%; average package approx ₹17.6 LPA.,"Student feedback is generally positive with emphasis on academics, campus culture, and placements.",Solid placements | Well rated | Tech friendly,JEE Main / JEE Advanced / MHT CET,Normalized from public sources and institutional history
NIT Warangal,Engineering,Warangal,1959,Government,"B.Tech, M.Tech, PhD",,https://en.wikipedia.org/wiki/NIT_Warangal,High,199027,₹100k - ₹250k,4.5,72,10.7,JEE Main / JEE Advanced / MHT CET,"NIT Warangal is a government engineering institution in Warangal known for technical education, labs, and industry-focused learning.",B.Tech Computer Science and Engineering | B.Tech Electronics & Communication | B.Tech Artificial Intelligence and Data Science,Placement rate around 72%; average package approx ₹10.7 LPA.,"Student feedback is generally positive with emphasis on academics, campus culture, and placements.",Growing placements | Well rated | Tech friendly,JEE Main / JEE Advanced / MHT CET,Normalized from public sources and institutional history
NIT Rourkela,Engineering,Rourkela,1961,Government,"B.Tech, M.Tech, PhD",,https://en.wikipedia.org/wiki/NIT_Rourkela,High,129967,₹100k - ₹250k,4.5,87,16.7,JEE Main / JEE Advanced / MHT CET,"NIT Rourkela is a government engineering institution in Rourkela known for technical education, labs, and industry-focused learning.",B.Tech Computer Science and Engineering | B.Tech Electronics & Communication | B.Tech Artificial Intelligence and Data Science,Placement rate around 87%; average package approx ₹16.7 LPA.,"Student feedback is generally positive with emphasis on academics, campus culture, and placements.",Solid placements | Well rated | Tech friendly,JEE Main / JEE Advanced / MHT CET,Normalized from public sources and institutional history
NIT Calicut,Engineering,Kozhikode,1961,Government,"B.Tech, M.Tech, PhD",,https://en.wikipedia.org/wiki/NIT_Calicut,High,105102,₹100k - ₹250k,4.4,72,14.2,JEE Main / JEE Advanced / MHT CET,"NIT Calicut is a government engineering institution in Kozhikode known for technical education, labs, and industry-focused learning.",B.Tech Computer Science and Engineering | B.Tech Electronics & Communication | B.Tech Artificial Intelligence and Data Science,Placement rate around 72%; average package approx ₹14.2 LPA.,"Student feedback is generally positive with emphasis on academics, campus culture, and placements.",Growing placements | Well rated | Tech friendly,JEE Main / JEE Advanced / MHT CET,Normalized from public sources and institutional history
NIT Durgapur,Engineering,Durgapur,1960,Government,"B.Tech, M.Tech, PhD",,https://en.wikipedia.org/wiki/NIT_Durgapur,High,209877,₹100k - ₹250k,4.7,72,15.7,JEE Main / JEE Advanced / MHT CET,"NIT Durgapur is a government engineering institution in Durgapur known for technical education, labs, and industry-focused learning.",B.Tech Computer Science and Engineering | B.Tech Electronics & Communication | B.Tech Artificial Intelligence and Data Science,Placement rate around 72%; average package approx ₹15.7 LPA.,"Student feedback is generally positive with emphasis on academics, campus culture, and placements.",Growing placements | Top rated | Tech friendly,JEE Main / JEE Advanced / MHT CET,Normalized from public sources and institutional history
NIT Kurukshetra,Engineering,Kurukshetra,1963,Government,"B.Tech, M.Tech, PhD",,https://en.wikipedia.org/wiki/NIT_Kurukshetra,High,181378,₹100k - ₹250k,4.2,73,9.8,JEE Main / JEE Advanced / MHT CET,"NIT Kurukshetra is a government engineering institution in Kurukshetra known for technical education, labs, and industry-focused learning.",B.Tech Computer Science and Engineering | B.Tech Electronics & Communication | B.Tech Artificial Intelligence and Data Science,Placement rate around 73%; average package approx ₹9.8 LPA.,"Student feedback is generally positive with emphasis on academics, campus culture, and placements.",Growing placements | Well rated | Tech friendly,JEE Main / JEE Advanced / MHT CET,Normalized from public sources and institutional history
NIT Silchar,Engineering,Silchar,1967,Government,"B.Tech, M.Tech, PhD",,https://en.wikipedia.org/wiki/NIT_Silchar,High,228239,₹100k - ₹250k,4.3,84,15.9,JEE Main / JEE Advanced / MHT CET,"NIT Silchar is a government engineering institution in Silchar known for technical education, labs, and industry-focused learning.",B.Tech Computer Science and Engineering | B.Tech Electronics & Communication | B.Tech Artificial Intelligence and Data Science,Placement rate around 84%; average package approx ₹15.9 LPA.,"Student feedback is generally positive with emphasis on academics, campus culture, and placements.",Solid placements | Well rated | Tech friendly,JEE Main / JEE Advanced / MHT CET,Normalized from public sources and institutional history
NIT Jamshedpur,Engineering,Jamshedpur,1960,Government,"B.Tech, M.Tech, PhD",,https://en.wikipedia.org/wiki/NIT_Jamshedpur,High,211477,₹100k - ₹250k,4.5,72,19.7,JEE Main / JEE Advanced / MHT CET,"NIT Jamshedpur is a government engineering institution in Jamshedpur known for technical education, labs, and industry-focused learning.",B.Tech Computer Science and Engineering | B.Tech Electronics & Communication | B.Tech Artificial Intelligence and Data Science,Placement rate around 72%; average package approx ₹19.7 LPA.,"Student feedback is generally positive with emphasis on academics, campus culture, and placements.",Growing placements | Well rated | Tech friendly,JEE Main / JEE Advanced / MHT CET,Normalized from public sources and institutional history
NIT Patna,Engineering,Patna,1886,Government,"B.Tech, M.Tech, PhD",,https://en.wikipedia.org/wiki/NIT_Patna,High,175110,₹100k - ₹250k,4.4,80,19.0,JEE Main / JEE Advanced / MHT CET,"NIT Patna is a government engineering institution in Patna known for technical education, labs, and industry-focused learning.",B.Tech Computer Science and Engineering | B.Tech Electronics & Communication | B.Tech Artificial Intelligence and Data Science,Placement rate around 80%; average package approx ₹19.0 LPA.,"Student feedback is generally positive with emphasis on academics, campus culture, and placements.",Solid placements | Well rated | Tech friendly,JEE Main / JEE Advanced / MHT CET,Normalized from public sources and institutional history
NIT Raipur,Engineering,Raipur,1956,Government,"B.Tech, M.Tech, PhD",,https://en.wikipedia.org/wiki/NIT_Raipur,High,197886,₹100k - ₹250k,4.4,81,16.6,JEE Main / JEE Advanced / MHT CET,"NIT Raipur is a government engineering institution in Raipur known for technical education, labs, and industry-focused learning.",B.Tech Computer Science and Engineering | B.Tech Electronics & Communication | B.Tech Artificial Intelligence and Data Science,Placement rate around 81%; average package approx ₹16.6 LPA.,"Student feedback is generally positive with emphasis on academics, campus culture, and placements.",Solid placements | Well rated | Tech friendly,JEE Main / JEE Advanced / MHT CET,Normalized from public sources and institutional history
NIT Hamirpur,Engineering,Hamirpur,1986,Government,"B.Tech, M.Tech, PhD",,https://en.wikipedia.org/wiki/NIT_Hamirpur,High,215438,₹100k - ₹250k,4.6,83,19.8,JEE Main / JEE Advanced / MHT CET,"NIT Hamirpur is a government engineering institution in Hamirpur known for technical education, labs, and industry-focused learning.",B.Tech Computer Science and Engineering | B.Tech Electronics & Communication | B.Tech Artificial Intelligence and Data Science,Placement rate around 83%; average package approx ₹19.8 LPA.,"Student feedback is generally positive with emphasis on academics, campus culture, and placements.",Solid placements | Top rated | Tech friendly,JEE Main / JEE Advanced / MHT CET,Normalized from public sources and institutional history
NIT Jalandhar,Engineering,Jalandhar,1987,Government,"B.Tech, M.Tech, PhD",,https://en.wikipedia.org/wiki/NIT_Jalandhar,High,241964,₹100k - ₹250k,4.6,84,8.4,JEE Main / JEE Advanced / MHT CET,"NIT Jalandhar is a government engineering institution in Jalandhar known for technical education, labs, and industry-focused learning.",B.Tech Computer Science and Engineering | B.Tech Electronics & Communication | B.Tech Artificial Intelligence and Data Science,Placement rate around 84%; average package approx ₹8.4 LPA.,"Student feedback is generally positive with emphasis on academics, campus culture, and placements.",Solid placements | Top rated | Tech friendly,JEE Main / JEE Advanced / MHT CET,Normalized from public sources and institutional history
NIT Srinagar,Engineering,Srinagar,1960,Government,"B.Tech, M.Tech, PhD",,https://en.wikipedia.org/wiki/NIT_Srinagar,High,111927,₹100k - ₹250k,4.7,72,12.7,JEE Main / JEE Advanced / MHT CET,"NIT Srinagar is a government engineering institution in Srinagar known for technical education, labs, and industry-focused learning.",B.Tech Computer Science and Engineering | B.Tech Electronics & Communication | B.Tech Artificial Intelligence and Data Science,Placement rate around 72%; average package approx ₹12.7 LPA.,"Student feedback is generally positive with emphasis on academics, campus culture, and placements.",Growing placements | Top rated | Tech friendly,JEE Main / JEE Advanced / MHT CET,Normalized from public sources and institutional history
NIT Meghalaya,Engineering,Shillong,2010,Government,"B.Tech, M.Tech, PhD",,https://en.wikipedia.org/wiki/NIT_Meghalaya,High,251699,₹250k - ₹500k,4.3,94,9.9,JEE Main / JEE Advanced / MHT CET,"NIT Meghalaya is a government engineering institution in Shillong known for technical education, labs, and industry-focused learning.",B.Tech Computer Science and Engineering | B.Tech Electronics & Communication | B.Tech Artificial Intelligence and Data Science,Placement rate around 94%; average package approx ₹9.9 LPA.,"Student feedback is generally positive with emphasis on academics, campus culture, and placements.",Top placements | Well rated | Tech friendly,JEE Main / JEE Advanced / MHT CET,Normalized from public sources and institutional history
NIT Goa,Engineering,Goa,2010,Government,"B.Tech, M.Tech, PhD",,https://en.wikipedia.org/wiki/NIT_Goa,High,122376,₹100k - ₹250k,4.4,71,13.6,JEE Main / JEE Advanced / MHT CET,"NIT Goa is a government engineering institution in Goa known for technical education, labs, and industry-focused learning.",B.Tech Computer Science and Engineering | B.Tech Electronics & Communication | B.Tech Artificial Intelligence and Data Science,Placement rate around 71%; average package approx ₹13.6 LPA.,"Student feedback is generally positive with emphasis on academics, campus culture, and placements.",Growing placements | Well rated | Tech friendly,JEE Main / JEE Advanced / MHT CET,Normalized from public sources and institutional history
NIT Puducherry,Engineering,Puducherry,2010,Government,"B.Tech, M.Tech, PhD",,https://en.wikipedia.org/wiki/NIT_Puducherry,High,210462,₹100k - ₹250k,4.4,82,14.2,JEE Main / JEE Advanced / MHT CET,"NIT Puducherry is a government engineering institution in Puducherry known for technical education, labs, and industry-focused learning.",B.Tech Computer Science and Engineering | B.Tech Electronics & Communication | B.Tech Artificial Intelligence and Data Science,Placement rate around 82%; average package approx ₹14.2 LPA.,"Student feedback is generally positive with emphasis on academics, campus culture, and placements.",Solid placements | Well rated | Tech friendly,JEE Main / JEE Advanced / MHT CET,Normalized from public sources and institutional history
NIT Arunachal Pradesh,Engineering,Itanagar,2010,Government,"B.Tech, M.Tech, PhD",,https://en.wikipedia.org/wiki/NIT_Arunachal_Pradesh,High,232604,₹100k - ₹250k,4.6,74,8.4,JEE Main / JEE Advanced / MHT CET,"NIT Arunachal Pradesh is a government engineering institution in Naharlagun known for technical education, labs, and industry-focused learning.",B.Tech Computer Science and Engineering | B.Tech Electronics & Communication | B.Tech Artificial Intelligence and Data Science,Placement rate around 74%; average package approx ₹8.4 LPA.,"Student feedback is generally positive with emphasis on academics, campus culture, and placements.",Growing placements | Top rated | Tech friendly,JEE Main / JEE Advanced / MHT CET,Normalized from public sources and institutional history
NIT Mizoram,Engineering,Aizawl,2010,Government,"B.Tech, M.Tech, PhD",,https://en.wikipedia.org/wiki/NIT_Mizoram,High,268772,₹250k - ₹500k,4.6,92,13.2,JEE Main / JEE Advanced / MHT CET,"NIT Mizoram is a government engineering institution in Aizawl known for technical education, labs, and industry-focused learning.",B.Tech Computer Science and Engineering | B.Tech Electronics & Communication | B.Tech Artificial Intelligence and Data Science,Placement rate around 92%; average package approx ₹13.2 LPA.,"Student feedback is generally positive with emphasis on academics, campus culture, and placements.",Top placements | Top rated | Tech friendly,JEE Main / JEE Advanced / MHT CET,Normalized from public sources and institutional history
NIT Manipur,Engineering,Imphal,2010,Government,"B.Tech, M.Tech, PhD",,https://en.wikipedia.org/wiki/NIT_Manipur,High,174758,₹100k - ₹250k,4.6,78,19.8,JEE Main / JEE Advanced / MHT CET,"NIT Manipur is a government engineering institution in Imphal known for technical education, labs, and industry-focused learning.",B.Tech Computer Science and Engineering | B.Tech Electronics & Communication | B.Tech Artificial Intelligence and Data Science,Placement rate around 78%; average package approx ₹19.8 LPA.,"Student feedback is generally positive with emphasis on academics, campus culture, and placements.",Solid placements | Top rated | Tech friendly,JEE Main / JEE Advanced / MHT CET,Normalized from public sources and institutional history
BITS Pilani,Engineering,Pilani,1983,Private,"B.Tech, M.Tech, PhD",https://www.bits-pilani.ac.in/,https://www.bits-pilani.ac.in/,High,254849,₹250k - ₹500k,4.0,89,8.9,JEE Main / JEE Advanced / MHT CET,"BITS Pilani is a private engineering institution in Pilani known for technical education, labs, and industry-focused learning.",B.Tech Computer Science and Engineering | B.Tech Electronics & Communication | B.Tech Artificial Intelligence and Data Science,Placement rate around 89%; average package approx ₹8.9 LPA.,"Student feedback is mixed but improving with emphasis on academics, campus culture, and placements.",Solid placements | Balanced choice | Tech friendly,JEE Main / JEE Advanced / MHT CET,Estimated seed data based on public reputation and category norms
BITS Goa,Engineering,Goa,1991,Private,"B.Tech, M.Tech, PhD",https://www.bits-pilani.ac.in/goa/,https://www.bits-pilani.ac.in/goa/,High,128487,₹100k - ₹250k,4.6,77,14.7,JEE Main / JEE Advanced / MHT CET,"BITS Goa is a private engineering institution in Goa known for technical education, labs, and industry-focused learning.",B.Tech Computer Science and Engineering | B.Tech Electronics & Communication | B.Tech Artificial Intelligence and Data Science,Placement rate around 77%; average package approx ₹14.7 LPA.,"Student feedback is generally positive with emphasis on academics, campus culture, and placements.",Solid placements | Top rated | Tech friendly,JEE Main / JEE Advanced / MHT CET,Estimated seed data based on public reputation and category norms
BITS Hyderabad,Engineering,Hyderabad,1955,Private,"B.Tech, M.Tech, PhD",https://www.bits-pilani.ac.in/hyderabad/,https://www.bits-pilani.ac.in/hyderabad/,High,185964,₹100k - ₹250k,4.3,84,8.4,JEE Main / JEE Advanced / MHT CET,"BITS Hyderabad is a private engineering institution in Hyderabad known for technical education, labs, and industry-focused learning.",B.Tech Computer Science and Engineering | B.Tech Electronics & Communication | B.Tech Artificial Intelligence and Data Science,Placement rate around 84%; average package approx ₹8.4 LPA.,"Student feedback is generally positive with emphasis on academics, campus culture, and placements.",Solid placements | Well rated | Tech friendly,JEE Main / JEE Advanced / MHT CET,Estimated seed data based on public reputation and category norms
VIT Vellore,Engineering,Vellore,1953,Private,"B.Tech, M.Tech, PhD",https://vit.ac.in/,https://vit.ac.in/,High,367356,₹250k - ₹500k,4.3,71,17.6,JEE Main / JEE Advanced / MHT CET,"VIT Vellore is a private engineering institution in Vellore known for technical education, labs, and industry-focused learning.",B.Tech Computer Science and Engineering | B.Tech Electronics & Communication | B.Tech Artificial Intelligence and Data Science,Placement rate around 71%; average package approx ₹17.6 LPA.,"Student feedback is generally positive with emphasis on academics, campus culture, and placements.",High fees | Growing placements | Well rated | Tech friendly,JEE Main / JEE Advanced / MHT CET,Estimated seed data based on public reputation and category norms
SRM Institute of Science and Technology,Engineering,Chennai,1975,Private,"B.Tech, M.Tech, PhD",https://www.srmist.edu.in/,https://www.srmist.edu.in/,High,389456,₹250k - ₹500k,3.9,86,15.6,JEE Main / JEE Advanced / MHT CET,"SRM Institute of Science and Technology is a private engineering institution in Chennai known for technical education, labs, and industry-focused learning.",B.Tech Computer Science and Engineering | B.Tech Electronics & Communication | B.Tech Artificial Intelligence and Data Science,Placement rate around 86%; average package approx ₹15.6 LPA.,"Student feedback is mixed but improving with emphasis on academics, campus culture, and placements.",High fees | Solid placements | Balanced choice | Tech friendly,JEE Main / JEE Advanced / MHT CET,Estimated seed data based on public reputation and category norms
Manipal Academy of Higher Education,Engineering,Manipal,1970,Private,"B.Tech, M.Tech, PhD",https://manipal.edu/mu.html,https://manipal.edu/mu.html,High,324002,₹250k - ₹500k,4.1,82,8.2,JEE Main / JEE Advanced / MHT CET,"Manipal Academy of Higher Education is a private engineering institution in Manipal known for technical education, labs, and industry-focused learning.",B.Tech Computer Science and Engineering | B.Tech Electronics & Communication | B.Tech Artificial Intelligence and Data Science,Placement rate around 82%; average package approx ₹8.2 LPA.,"Student feedback is mixed but improving with emphasis on academics, campus culture, and placements.",High fees | Solid placements | Balanced choice | Tech friendly,JEE Main / JEE Advanced / MHT CET,Estimated seed data based on public reputation and category norms
Amrita Vishwa Vidyapeetham,Engineering,Coimbatore,1956,Private,"B.Tech, M.Tech, PhD",https://www.amrita.edu/,https://www.amrita.edu/,High,310577,₹250k - ₹500k,4.0,62,9.7,JEE Main / JEE Advanced / MHT CET,"Amrita Vishwa Vidyapeetham is a private engineering institution in Coimbatore known for technical education, labs, and industry-focused learning.",B.Tech Computer Science and Engineering | B.Tech Electronics & Communication | B.Tech Artificial Intelligence and Data Science,Placement rate around 62%; average package approx ₹9.7 LPA.,"Student feedback is mixed but improving with emphasis on academics, campus culture, and placements.",High fees | Growing placements | Balanced choice | Tech friendly,JEE Main / JEE Advanced / MHT CET,Estimated seed data based on public reputation and category norms
Shanmugha Arts Science Technology and Research Academy,Engineering,Thanjavur,1998,Private,"B.Tech, M.Tech, PhD",https://www.sastra.edu/,https://www.sastra.edu/,High,156598,₹100k - ₹250k,4.5,83,11.8,JEE Main / JEE Advanced / MHT CET,"Shanmugha Arts Science Technology and Research Academy is a private engineering institution in India known for technical education, labs, and industry-focused learning.",B.Tech Computer Science and Engineering | B.Tech Electronics & Communication | B.Tech Artificial Intelligence and Data Science,Placement rate around 83%; average package approx ₹11.8 LPA.,"Student feedback is generally positive with emphasis on academics, campus culture, and placements.",Solid placements | Well rated | Tech friendly,JEE Main / JEE Advanced / MHT CET,Estimated seed data based on public reputation and category norms
PES University,Engineering,Bengaluru,2014,Private,"B.Tech, M.Tech, PhD",https://pes.edu/,https://pes.edu/,High,154951,₹100k - ₹250k,4.6,81,15.1,JEE Main / JEE Advanced / MHT CET,"PES University is a private engineering institution in Bengaluru known for technical education, labs, and industry-focused learning.",B.Tech Computer Science and Engineering | B.Tech Electronics & Communication | B.Tech Artificial Intelligence and Data Science,Placement rate around 81%; average package approx ₹15.1 LPA.,"Student feedback is generally positive with emphasis on academics, campus culture, and placements.",Solid placements | Top rated | Tech friendly,JEE Main / JEE Advanced / MHT CET,Estimated seed data based on public reputation and category norms
RV College of Engineering,Engineering,Bengaluru,1978,Private,"B.Tech, M.Tech, PhD",https://rvce.edu.in/,https://rvce.edu.in/,High,316764,₹250k - ₹500k,4.3,89,12.4,JEE Main / JEE Advanced / MHT CET,"RV College of Engineering is a private engineering institution in Bengaluru known for technical education, labs, and industry-focused learning.",B.Tech Computer Science and Engineering | B.Tech Electronics & Communication | B.Tech Artificial Intelligence and Data Science,Placement rate around 89%; average package approx ₹12.4 LPA.,"Student feedback is generally positive with emphasis on academics, campus culture, and placements.",High fees | Solid placements | Well rated | Tech friendly,JEE Main / JEE Advanced / MHT CET,Estimated seed data based on public reputation and category norms
BMS College of Engineering,Engineering,Bengaluru,2009,Private,"B.Tech, M.Tech, PhD",https://bmsce.ac.in/,https://bmsce.ac.in/,High,380941,₹250k - ₹500k,4.4,76,18.1,JEE Main / JEE Advanced / MHT CET,"BMS College of Engineering is a private engineering institution in Bengaluru known for technical education, labs, and industry-focused learning.",B.Tech Computer Science and Engineering | B.Tech Electronics & Communication | B.Tech Artificial Intelligence and Data Science,Placement rate around 76%; average package approx ₹18.1 LPA.,"Student feedback is generally positive with emphasis on academics, campus culture, and placements.",High fees | Solid placements | Well rated | Tech friendly,JEE Main / JEE Advanced / MHT CET,Estimated seed data based on public reputation and category norms
MS Ramaiah Institute of Technology,Engineering,Bengaluru,1993,Private,"B.Tech, M.Tech, PhD",https://www.msrit.edu/,https://www.msrit.edu/,High,192831,₹100k - ₹250k,4.6,91,9.1,JEE Main / JEE Advanced / MHT CET,"MS Ramaiah Institute of Technology is a private engineering institution in Mumbai known for technical education, labs, and industry-focused learning.",B.Tech Computer Science and Engineering | B.Tech Electronics & Communication | B.Tech Artificial Intelligence and Data Science,Placement rate around 91%; average package approx ₹9.1 LPA.,"Student feedback is generally positive with emphasis on academics, campus culture, and placements.",Top placements | Top rated | Tech friendly,JEE Main / JEE Advanced / MHT CET,Estimated seed data based on public reputation and category norms
Dayananda Sagar College of Engineering,Engineering,Bengaluru,1975,Private,"B.Tech, M.Tech, PhD",https://dayanandasagar.edu/,https://dayanandasagar.edu/,High,309179,₹250k - ₹500k,4.2,64,9.9,JEE Main / JEE Advanced / MHT CET,"Dayananda Sagar College of Engineering is a private engineering institution in Bengaluru known for technical education, labs, and industry-focused learning.",B.Tech Computer Science and Engineering | B.Tech Electronics & Communication | B.Tech Artificial Intelligence and Data Science,Placement rate around 64%; average package approx ₹9.9 LPA.,"Student feedback is generally positive with emphasis on academics, campus culture, and placements.",High fees | Growing placements | Well rated | Tech friendly,JEE Main / JEE Advanced / MHT CET,Estimated seed data based on public reputation and category norms
Thapar Institute of Engineering and Technology,Engineering,Patiala,1954,Private,"B.Tech, M.Tech, PhD",https://www.thapar.edu/,https://www.thapar.edu/,High,398564,₹250k - ₹500k,4.3,94,16.4,JEE Main / JEE Advanced / MHT CET,"Thapar Institute of Engineering and Technology is a private engineering institution in Patiala known for technical education, labs, and industry-focused learning.",B.Tech Computer Science and Engineering | B.Tech Electronics & Communication | B.Tech Artificial Intelligence and Data Science,Placement rate around 94%; average package approx ₹16.4 LPA.,"Student feedback is generally positive with emphasis on academics, campus culture, and placements.",High fees | Top placements | Well rated | Tech friendly,JEE Main / JEE Advanced / MHT CET,Estimated seed data based on public reputation and category norms
PEC Chandigarh,Engineering,Chandigarh,2015,Private,"B.Tech, M.Tech, PhD",https://pec.ac.in/,https://pec.ac.in/,High,147820,₹100k - ₹250k,4.3,90,16.0,JEE Main / JEE Advanced / MHT CET,"PEC Chandigarh is a private engineering institution in Chandigarh known for technical education, labs, and industry-focused learning.",B.Tech Computer Science and Engineering | B.Tech Electronics & Communication | B.Tech Artificial Intelligence and Data Science,Placement rate around 90%; average package approx ₹16.0 LPA.,"Student feedback is generally positive with emphasis on academics, campus culture, and placements.",Top placements | Well rated | Tech friendly,JEE Main / JEE Advanced / MHT CET,Estimated seed data based on public reputation and category norms
DTU,Engineering,Delhi,1981,Private,"B.Tech, M.Tech, PhD",https://dtu.ac.in/,https://dtu.ac.in/,High,288140,₹250k - ₹500k,4.3,60,6.0,JEE Main / JEE Advanced / MHT CET,"DTU is a private engineering institution in Delhi NCR known for technical education, labs, and industry-focused learning.",B.Tech Computer Science and Engineering | B.Tech Electronics & Communication | B.Tech Artificial Intelligence and Data Science,Placement rate around 60%; average package approx ₹6.0 LPA.,"Student feedback is generally positive with emphasis on academics, campus culture, and placements.",Growing placements | Well rated | Tech friendly,JEE Main / JEE Advanced / MHT CET,Estimated seed data based on public reputation and category norms
NSUT,Engineering,Delhi,2001,Private,"B.Tech, M.Tech, PhD",https://www.nsut.ac.in/,https://www.nsut.ac.in/,High,127419,₹100k - ₹250k,4.2,94,19.9,JEE Main / JEE Advanced / MHT CET,"NSUT is a private engineering institution in Delhi NCR known for technical education, labs, and industry-focused learning.",B.Tech Computer Science and Engineering | B.Tech Electronics & Communication | B.Tech Artificial Intelligence and Data Science,Placement rate around 94%; average package approx ₹19.9 LPA.,"Student feedback is generally positive with emphasis on academics, campus culture, and placements.",Top placements | Well rated | Tech friendly,JEE Main / JEE Advanced / MHT CET,Estimated seed data based on public reputation and category norms
Nirma University,Engineering,Ahmedabad,1974,Private,"B.Tech, M.Tech, PhD",https://www.nirmauni.ac.in/,https://www.nirmauni.ac.in/,High,149466,₹100k - ₹250k,4.1,91,12.6,JEE Main / JEE Advanced / MHT CET,"Nirma University is a private engineering institution in Ahmedabad known for technical education, labs, and industry-focused learning.",B.Tech Computer Science and Engineering | B.Tech Electronics & Communication | B.Tech Artificial Intelligence and Data Science,Placement rate around 91%; average package approx ₹12.6 LPA.,"Student feedback is mixed but improving with emphasis on academics, campus culture, and placements.",Top placements | Balanced choice | Tech friendly,JEE Main / JEE Advanced / MHT CET,Estimated seed data based on public reputation and category norms
Lovely Professional University,University,Phagwara,1944,Private,"UG, PG, Research",https://www.lpu.in/,https://www.lpu.in/,Medium,159146,₹100k - ₹250k,4.2,76,9.6,CUET / State Entrance,Lovely Professional University is a private multidisciplinary institution in Phagwara with a broad academic ecosystem.,UG programs | PG programs | Research programs,Placement rate around 76%; average package approx ₹9.6 LPA.,"Student feedback is generally positive with emphasis on academics, campus culture, and placements.",Solid placements | Well rated,CUET / State Entrance,Estimated seed data based on public reputation and category norms
Chandigarh University,University,Mohali,1941,Private,"UG, PG, Research",https://www.cuchd.in/,https://www.cuchd.in/,Medium,201613,₹100k - ₹250k,4.5,63,6.3,CUET / State Entrance,Chandigarh University is a private multidisciplinary institution in Mohali with a broad academic ecosystem.,UG programs | PG programs | Research programs,Placement rate around 63%; average package approx ₹6.3 LPA.,"Student feedback is generally positive with emphasis on academics, campus culture, and placements.",Growing placements | Well rated,CUET / State Entrance,Estimated seed data based on public reputation and category norms
KIIT,Engineering,Bhubaneswar,1974,Private,"B.Tech, M.Tech, PhD",https://kiit.ac.in/,https://kiit.ac.in/,High,266647,₹250k - ₹500k,4.6,92,12.7,JEE Main / JEE Advanced / MHT CET,"KIIT is a private engineering institution in Bhubaneswar known for technical education, labs, and industry-focused learning.",B.Tech Computer Science and Engineering | B.Tech Electronics & Communication | B.Tech Artificial Intelligence and Data Science,Placement rate around 92%; average package approx ₹12.7 LPA.,"Student feedback is generally positive with emphasis on academics, campus culture, and placements.",Top placements | Top rated | Tech friendly,JEE Main / JEE Advanced / MHT CET,Estimated seed data based on public reputation and category norms
Siksha O Anusandhan,Engineering,Bhubaneswar,1961,Private,"B.Tech, M.Tech, PhD",https://www.soa.ac.in/,https://www.soa.ac.in/,High,244614,₹100k - ₹250k,4.5,74,7.4,JEE Main / JEE Advanced / MHT CET,"Siksha O Anusandhan is a private engineering institution in Bhubaneswar known for technical education, labs, and industry-focused learning.",B.Tech Computer Science and Engineering | B.Tech Electronics & Communication | B.Tech Artificial Intelligence and Data Science,Placement rate around 74%; average package approx ₹7.4 LPA.,"Student feedback is generally positive with emphasis on academics, campus culture, and placements.",Growing placements | Well rated | Tech friendly,JEE Main / JEE Advanced / MHT CET,Estimated seed data based on public reputation and category norms
Sharda University,University,Greater Noida,1976,Private,"UG, PG, Research",https://www.sharda.ac.in/,https://www.sharda.ac.in/,Medium,139534,₹100k - ₹250k,4.6,64,8.4,CUET / State Entrance,Sharda University is a private multidisciplinary institution in Noida with a broad academic ecosystem.,UG programs | PG programs | Research programs,Placement rate around 64%; average package approx ₹8.4 LPA.,"Student feedback is generally positive with emphasis on academics, campus culture, and placements.",Growing placements | Top rated,CUET / State Entrance,Estimated seed data based on public reputation and category norms
Galgotias University,University,Greater Noida,1964,Private,"UG, PG, Research",https://www.galgotiasuniversity.edu.in/,https://www.galgotiasuniversity.edu.in/,Medium,255519,₹250k - ₹500k,4.7,89,6.9,CUET / State Entrance,Galgotias University is a private multidisciplinary institution in Noida with a broad academic ecosystem.,UG programs | PG programs | Research programs,Placement rate around 89%; average package approx ₹6.9 LPA.,"Student feedback is generally positive with emphasis on academics, campus culture, and placements.",Solid placements | Top rated,CUET / State Entrance,Estimated seed data based on public reputation and category norms
UPES,University,Dehradun,1975,Private,"UG, PG, Research",https://www.upes.ac.in/,https://www.upes.ac.in/,Medium,205455,₹100k - ₹250k,4.7,65,10.5,CUET / State Entrance,UPES is a private multidisciplinary institution in Dehradun with a broad academic ecosystem.,UG programs | PG programs | Research programs,Placement rate around 65%; average package approx ₹10.5 LPA.,"Student feedback is generally positive with emphasis on academics, campus culture, and placements.",Growing placements | Top rated,CUET / State Entrance,Estimated seed data based on public reputation and category norms
Shoolini University,University,Solan,1998,Private,"UG, PG, Research",https://www.shooliniuniversity.com/,https://www.shooliniuniversity.com/,Medium,137540,₹100k - ₹250k,4.4,70,9.0,CUET / State Entrance,Shoolini University is a private multidisciplinary institution in Solan with a broad academic ecosystem.,UG programs | PG programs | Research programs,Placement rate around 70%; average package approx ₹9.0 LPA.,"Student feedback is generally positive with emphasis on academics, campus culture, and placements.",Growing placements | Well rated,CUET / State Entrance,Estimated seed data based on public reputation and category norms
Bennett University,University,Greater Noida,1936,Private,"UG, PG, Research",https://www.bennett.edu.in/,https://www.bennett.edu.in/,Medium,205897,₹100k - ₹250k,4.1,67,14.7,CUET / State Entrance,Bennett University is a private multidisciplinary institution in Greater Noida with a broad academic ecosystem.,UG programs | PG programs | Research programs,Placement rate around 67%; average package approx ₹14.7 LPA.,"Student feedback is mixed but improving with emphasis on academics, campus culture, and placements.",Growing placements | Balanced choice,CUET / State Entrance,Estimated seed data based on public reputation and category norms
NMIMS Mumbai,Engineering,Mumbai,2004,Private,"B.Tech, M.Tech, PhD",https://nmims.edu/,https://nmims.edu/,High,226587,₹100k - ₹250k,4.2,72,10.7,JEE Main / JEE Advanced / MHT CET,"NMIMS Mumbai is a private engineering institution in Mumbai known for technical education, labs, and industry-focused learning.",B.Tech Computer Science and Engineering | B.Tech Electronics & Communication | B.Tech Artificial Intelligence and Data Science,Placement rate around 72%; average package approx ₹10.7 LPA.,"Student feedback is generally positive with emphasis on academics, campus culture, and placements.",Growing placements | Well rated | Tech friendly,JEE Main / JEE Advanced / MHT CET,Estimated seed data based on public reputation and category norms
Narsee Monjee College of Commerce and Economics,Engineering,Mumbai,1964,Private,"B.Tech, M.Tech, PhD",https://nmcollege.in/,https://nmcollege.in/,High,162496,₹100k - ₹250k,3.9,66,13.6,JEE Main / JEE Advanced / MHT CET,"Narsee Monjee College of Commerce and Economics is a private engineering institution in Mumbai known for technical education, labs, and industry-focused learning.",B.Tech Computer Science and Engineering | B.Tech Electronics & Communication | B.Tech Artificial Intelligence and Data Science,Placement rate around 66%; average package approx ₹13.6 LPA.,"Student feedback is mixed but improving with emphasis on academics, campus culture, and placements.",Growing placements | Balanced choice | Tech friendly,JEE Main / JEE Advanced / MHT CET,Normalized from public sources and institutional history
Graphic Era University,University,Dehradun,1969,Private,"UG, PG, Research",https://www.geu.ac.in/,https://www.geu.ac.in/,Medium,256218,₹250k - ₹500k,4.2,68,6.8,CUET / State Entrance,Graphic Era University is a private multidisciplinary institution in Dehradun with a broad academic ecosystem.,UG programs | PG programs | Research programs,Placement rate around 68%; average package approx ₹6.8 LPA.,"Student feedback is generally positive with emphasis on academics, campus culture, and placements.",Growing placements | Well rated,CUET / State Entrance,Estimated seed data based on public reputation and category norms
Walchand College of Engineering,Engineering,Sangli,1990,Private,"B.Tech, M.Tech, PhD",https://www.walchandsangli.ac.in/,https://www.walchandsangli.ac.in/,High,151471,₹100k - ₹250k,4.6,66,17.1,JEE Main / JEE Advanced / MHT CET,"Walchand College of Engineering is a private engineering institution in Mumbai known for technical education, labs, and industry-focused learning.",B.Tech Computer Science and Engineering | B.Tech Electronics & Communication | B.Tech Artificial Intelligence and Data Science,Placement rate around 66%; average package approx ₹17.1 LPA.,"Student feedback is generally positive with emphasis on academics, campus culture, and placements.",Growing placements | Top rated | Tech friendly,JEE Main / JEE Advanced / MHT CET,Estimated seed data based on public reputation and category norms
VJTI Mumbai,Engineering,Mumbai,1956,Private,"B.Tech, M.Tech, PhD",https://vjti.ac.in/,https://vjti.ac.in/,High,151821,₹100k - ₹250k,4.4,66,10.1,JEE Main / JEE Advanced / MHT CET,"VJTI Mumbai is a private engineering institution in Mumbai known for technical education, labs, and industry-focused learning.",B.Tech Computer Science and Engineering | B.Tech Electronics & Communication | B.Tech Artificial Intelligence and Data Science,Placement rate around 66%; average package approx ₹10.1 LPA.,"Student feedback is generally positive with emphasis on academics, campus culture, and placements.",Growing placements | Well rated | Tech friendly,JEE Main / JEE Advanced / MHT CET,Estimated seed data based on public reputation and category norms
Sardar Patel Institute of Technology,Engineering,Mumbai,1956,Private,"B.Tech, M.Tech, PhD",https://www.spit.ac.in/,https://www.spit.ac.in/,High,374985,₹250k - ₹500k,4.0,70,10.5,JEE Main / JEE Advanced / MHT CET,"Sardar Patel Institute of Technology is a private engineering institution in Mumbai known for technical education, labs, and industry-focused learning.",B.Tech Computer Science and Engineering | B.Tech Electronics & Communication | B.Tech Artificial Intelligence and Data Science,Placement rate around 70%; average package approx ₹10.5 LPA.,"Student feedback is mixed but improving with emphasis on academics, campus culture, and placements.",High fees | Growing placements | Balanced choice | Tech friendly,JEE Main / JEE Advanced / MHT CET,Estimated seed data based on public reputation and category norms
DJ Sanghvi College of Engineering,Engineering,Mumbai,1961,Private,"B.Tech, M.Tech, PhD",https://www.djsce.ac.in/,https://www.djsce.ac.in/,High,217535,₹100k - ₹250k,4.6,85,15.5,JEE Main / JEE Advanced / MHT CET,"DJ Sanghvi College of Engineering is a private engineering institution in Mumbai known for technical education, labs, and industry-focused learning.",B.Tech Computer Science and Engineering | B.Tech Electronics & Communication | B.Tech Artificial Intelligence and Data Science,Placement rate around 85%; average package approx ₹15.5 LPA.,"Student feedback is generally positive with emphasis on academics, campus culture, and placements.",Solid placements | Top rated | Tech friendly,JEE Main / JEE Advanced / MHT CET,Estimated seed data based on public reputation and category norms
Mithibai College,Engineering,Mumbai,2000,Private,"B.Tech, M.Tech, PhD",,https://en.wikipedia.org/wiki/Mithibai_College,High,197791,₹100k - ₹250k,4.6,81,15.1,JEE Main / JEE Advanced / MHT CET,"Mithibai College is a private engineering institution in India known for technical education, labs, and industry-focused learning.",B.Tech Computer Science and Engineering | B.Tech Electronics & Communication | B.Tech Artificial Intelligence and Data Science,Placement rate around 81%; average package approx ₹15.1 LPA.,"Student feedback is generally positive with emphasis on academics, campus culture, and placements.",Solid placements | Top rated | Tech friendly,JEE Main / JEE Advanced / MHT CET,Estimated seed data based on public reputation and category norms
Mukesh Patel School of Technology Management and Engineering,Engineering,Mumbai,2007,Private,"B.Tech, M.Tech, PhD",,https://en.wikipedia.org/wiki/Mukesh_Patel_School_of_Technology_Management_and_Engineering,High,152664,₹100k - ₹250k,3.9,69,10.4,JEE Main / JEE Advanced / MHT CET,"Mukesh Patel School of Technology Management and Engineering is a private engineering institution in India known for technical education, labs, and industry-focused learning.",B.Tech Computer Science and Engineering | B.Tech Electronics & Communication | B.Tech Artificial Intelligence and Data Science,Placement rate around 69%; average package approx ₹10.4 LPA.,"Student feedback is mixed but improving with emphasis on academics, campus culture, and placements.",Growing placements | Balanced choice | Tech friendly,JEE Main / JEE Advanced / MHT CET,Estimated seed data based on public reputation and category norms
NMIMS School of Technology Management and Engineering,Engineering,Mumbai,2019,Private,"B.Tech, M.Tech, PhD",,https://en.wikipedia.org/wiki/NMIMS_School_of_Technology_Management_and_Engineering,High,215832,₹100k - ₹250k,3.9,62,13.2,JEE Main / JEE Advanced / MHT CET,"NMIMS School of Technology Management and Engineering is a private engineering institution in India known for technical education, labs, and industry-focused learning.",B.Tech Computer Science and Engineering | B.Tech Electronics & Communication | B.Tech Artificial Intelligence and Data Science,Placement rate around 62%; average package approx ₹13.2 LPA.,"Student feedback is mixed but improving with emphasis on academics, campus culture, and placements.",Growing placements | Balanced choice | Tech friendly,JEE Main / JEE Advanced / MHT CET,Estimated seed data based on public reputation and category norms
KJ Somaiya College of Engineering,Engineering,Mumbai,1979,Private,"B.Tech, M.Tech, PhD",https://kjsce.somaiya.edu.in/,https://kjsce.somaiya.edu.in/,High,251399,₹250k - ₹500k,4.6,69,13.9,JEE Main / JEE Advanced / MHT CET,"KJ Somaiya College of Engineering is a private engineering institution in Mumbai known for technical education, labs, and industry-focused learning.",B.Tech Computer Science and Engineering | B.Tech Electronics & Communication | B.Tech Artificial Intelligence and Data Science,Placement rate around 69%; average package approx ₹13.9 LPA.,"Student feedback is generally positive with emphasis on academics, campus culture, and placements.",Growing placements | Top rated | Tech friendly,JEE Main / JEE Advanced / MHT CET,Estimated seed data based on public reputation and category norms
Indian Institute of Science,University,Bengaluru,1888,Government,"UG, PG, Research",https://iisc.ac.in/,https://iisc.ac.in/,High,221764,₹100k - ₹250k,4.6,97,18.4,CUET / State Entrance,Indian Institute of Science is a government multidisciplinary institution in India with a broad academic ecosystem.,UG programs | PG programs | Research programs,Placement rate around 97%; average package approx ₹18.4 LPA.,"Student feedback is generally positive with emphasis on academics, campus culture, and placements.",Top placements | Top rated,CUET / State Entrance,Normalized from public sources and institutional history
University of Delhi,University,Delhi,1922,Government,"UG, PG, Research",https://www.du.ac.in/,https://www.du.ac.in/,High,277884,₹250k - ₹500k,4.4,54,13.4,CUET / State Entrance,University of Delhi is a government multidisciplinary institution in New Delhi with a broad academic ecosystem.,UG programs | PG programs | Research programs,Placement rate around 54%; average package approx ₹13.4 LPA.,"Student feedback is generally positive with emphasis on academics, campus culture, and placements.",Growing placements | Well rated,CUET / State Entrance,Normalized from public sources and institutional history
Jawaharlal Nehru University,University,Delhi,1969,Government,"UG, PG, Research",https://www.jnu.ac.in/,https://www.jnu.ac.in/,High,197419,₹100k - ₹250k,4.3,69,6.9,CUET / State Entrance,Jawaharlal Nehru University is a government multidisciplinary institution in India with a broad academic ecosystem.,UG programs | PG programs | Research programs,Placement rate around 69%; average package approx ₹6.9 LPA.,"Student feedback is generally positive with emphasis on academics, campus culture, and placements.",Growing placements | Well rated,CUET / State Entrance,Normalized from public sources and institutional history
Banaras Hindu University,University,Varanasi,1916,Government,"UG, PG, Research",https://www.bhu.ac.in/,https://www.bhu.ac.in/,High,103032,₹100k - ₹250k,4.0,82,8.2,CUET / State Entrance,Banaras Hindu University is a government multidisciplinary institution in India with a broad academic ecosystem.,UG programs | PG programs | Research programs,Placement rate around 82%; average package approx ₹8.2 LPA.,"Student feedback is mixed but improving with emphasis on academics, campus culture, and placements.",Solid placements | Balanced choice,CUET / State Entrance,Normalized from public sources and institutional history
University of Hyderabad,University,Hyderabad,1974,Government,"UG, PG, Research",https://uohyd.ac.in/,https://uohyd.ac.in/,High,273244,₹250k - ₹500k,4.4,54,9.4,CUET / State Entrance,University of Hyderabad is a government multidisciplinary institution in Hyderabad with a broad academic ecosystem.,UG programs | PG programs | Research programs,Placement rate around 54%; average package approx ₹9.4 LPA.,"Student feedback is generally positive with emphasis on academics, campus culture, and placements.",Growing placements | Well rated,CUET / State Entrance,Normalized from public sources and institutional history
Jadavpur University,University,Kolkata,1955,Government,"UG, PG, Research",https://jadavpuruniversity.in/,https://jadavpuruniversity.in/,High,144379,₹100k - ₹250k,4.3,69,12.9,CUET / State Entrance,Jadavpur University is a government multidisciplinary institution in India with a broad academic ecosystem.,UG programs | PG programs | Research programs,Placement rate around 69%; average package approx ₹12.9 LPA.,"Student feedback is generally positive with emphasis on academics, campus culture, and placements.",Growing placements | Well rated,CUET / State Entrance,Normalized from public sources and institutional history
Anna University,University,Chennai,1978,Government,"UG, PG, Research",https://www.annauniv.edu/,https://www.annauniv.edu/,High,103901,₹100k - ₹250k,4.5,71,5.1,CUET / State Entrance,Anna University is a government multidisciplinary institution in India with a broad academic ecosystem.,UG programs | PG programs | Research programs,Placement rate around 71%; average package approx ₹5.1 LPA.,"Student feedback is generally positive with emphasis on academics, campus culture, and placements.",Growing placements | Well rated,CUET / State Entrance,Normalized from public sources and institutional history
Aligarh Muslim University,University,Aligarh,1920,Government,"UG, PG, Research",https://www.amu.ac.in/,https://www.amu.ac.in/,High,59505,₹50k - ₹100k,4.1,75,5.5,CUET / State Entrance,Aligarh Muslim University is a government multidisciplinary institution in India with a broad academic ecosystem.,UG programs | PG programs | Research programs,Placement rate around 75%; average package approx ₹5.5 LPA.,"Student feedback is mixed but improving with emphasis on academics, campus culture, and placements.",Low fees | Solid placements | Balanced choice,CUET / State Entrance,Normalized from public sources and institutional history
Jamia Millia Islamia,University,Delhi,1920,Government,"UG, PG, Research",https://www.jmi.ac.in/,https://www.jmi.ac.in/,High,180499,₹100k - ₹250k,4.3,69,14.9,CUET / State Entrance,Jamia Millia Islamia is a government multidisciplinary institution in India with a broad academic ecosystem.,UG programs | PG programs | Research programs,Placement rate around 69%; average package approx ₹14.9 LPA.,"Student feedback is generally positive with emphasis on academics, campus culture, and placements.",Growing placements | Well rated,CUET / State Entrance,Normalized from public sources and institutional history
University of Calcutta,University,Kolkata,1857,Government,"UG, PG, Research",https://www.caluniv.ac.in/,https://www.caluniv.ac.in/,High,209951,₹100k - ₹250k,4.7,81,10.1,CUET / State Entrance,University of Calcutta is a government multidisciplinary institution in Kolkata with a broad academic ecosystem.,UG programs | PG programs | Research programs,Placement rate around 81%; average package approx ₹10.1 LPA.,"Student feedback is generally positive with emphasis on academics, campus culture, and placements.",Solid placements | Top rated,CUET / State Entrance,Normalized from public sources and institutional history
University of Madras,University,Chennai,1857,Government,"UG, PG, Research",https://www.unom.ac.in/,https://www.unom.ac.in/,High,55742,₹50k - ₹100k,4.6,72,9.2,CUET / State Entrance,University of Madras is a government multidisciplinary institution in Chennai with a broad academic ecosystem.,UG programs | PG programs | Research programs,Placement rate around 72%; average package approx ₹9.2 LPA.,"Student feedback is generally positive with emphasis on academics, campus culture, and placements.",Low fees | Growing placements | Top rated,CUET / State Entrance,Normalized from public sources and institutional history
University of Mumbai,University,Mumbai,1857,Government,"UG, PG, Research",https://mu.ac.in/,https://mu.ac.in/,High,201274,₹100k - ₹250k,4.2,84,12.4,CUET / State Entrance,University of Mumbai is a government multidisciplinary institution in Mumbai with a broad academic ecosystem.,UG programs | PG programs | Research programs,Placement rate around 84%; average package approx ₹12.4 LPA.,"Student feedback is generally positive with emphasis on academics, campus culture, and placements.",Solid placements | Well rated,CUET / State Entrance,Normalized from public sources and institutional history
University of Mysore,University,Mysuru,1916,Government,"UG, PG, Research",https://uni-mysore.ac.in/,https://uni-mysore.ac.in/,High,279171,₹250k - ₹500k,4.3,61,12.1,CUET / State Entrance,University of Mysore is a government multidisciplinary institution in Mysuru with a broad academic ecosystem.,UG programs | PG programs | Research programs,Placement rate around 61%; average package approx ₹12.1 LPA.,"Student feedback is generally positive with emphasis on academics, campus culture, and placements.",Growing placements | Well rated,CUET / State Entrance,Normalized from public sources and institutional history
Pondicherry University,University,Puducherry,1985,Government,"UG, PG, Research",https://www.pondiuni.edu.in/,https://www.pondiuni.edu.in/,High,112171,₹100k - ₹250k,4.3,61,12.1,CUET / State Entrance,Pondicherry University is a government multidisciplinary institution in Puducherry with a broad academic ecosystem.,UG programs | PG programs | Research programs,Placement rate around 61%; average package approx ₹12.1 LPA.,"Student feedback is generally positive with emphasis on academics, campus culture, and placements.",Growing placements | Well rated,CUET / State Entrance,Normalized from public sources and institutional history
University of Kerala,University,Thiruvananthapuram,1937,Government,"UG, PG, Research",https://www.keralauniversity.ac.in/,https://www.keralauniversity.ac.in/,High,141659,₹100k - ₹250k,4.3,69,10.9,CUET / State Entrance,University of Kerala is a government multidisciplinary institution in Thiruvananthapuram with a broad academic ecosystem.,UG programs | PG programs | Research programs,Placement rate around 69%; average package approx ₹10.9 LPA.,"Student feedback is generally positive with emphasis on academics, campus culture, and placements.",Growing placements | Well rated,CUET / State Entrance,Normalized from public sources and institutional history
University of Calicut,University,Kozhikode,1968,Government,"UG, PG, Research",https://uoc.ac.in/,https://uoc.ac.in/,High,74827,₹50k - ₹100k,4.3,77,7.7,CUET / State Entrance,University of Calicut is a government multidisciplinary institution in Kozhikode with a broad academic ecosystem.,UG programs | PG programs | Research programs,Placement rate around 77%; average package approx ₹7.7 LPA.,"Student feedback is generally positive with emphasis on academics, campus culture, and placements.",Low fees | Solid placements | Well rated,CUET / State Entrance,Normalized from public sources and institutional history
University of Lucknow,University,Lucknow,1921,Government,"UG, PG, Research",https://www.lkouniv.ac.in/,https://www.lkouniv.ac.in/,High,45913,₹0 - ₹50k,4.1,83,6.3,CUET / State Entrance,University of Lucknow is a government multidisciplinary institution in Lucknow with a broad academic ecosystem.,UG programs | PG programs | Research programs,Placement rate around 83%; average package approx ₹6.3 LPA.,"Student feedback is mixed but improving with emphasis on academics, campus culture, and placements.",Low fees | Solid placements | Balanced choice,CUET / State Entrance,Normalized from public sources and institutional history
University of Rajasthan,University,Jaipur,1947,Government,"UG, PG, Research",https://www.uniraj.ac.in/,https://www.uniraj.ac.in/,High,212160,₹100k - ₹250k,4.0,50,11.0,CUET / State Entrance,University of Rajasthan is a government multidisciplinary institution in Jaipur with a broad academic ecosystem.,UG programs | PG programs | Research programs,Placement rate around 50%; average package approx ₹11.0 LPA.,"Student feedback is mixed but improving with emphasis on academics, campus culture, and placements.",Growing placements | Balanced choice,CUET / State Entrance,Normalized from public sources and institutional history
Cochin University of Science and Technology,University,Kochi,1971,Government,"UG, PG, Research",https://cusat.ac.in/,https://cusat.ac.in/,High,201112,₹100k - ₹250k,4.0,82,6.2,CUET / State Entrance,Cochin University of Science and Technology is a government multidisciplinary institution in India with a broad academic ecosystem.,UG programs | PG programs | Research programs,Placement rate around 82%; average package approx ₹6.2 LPA.,"Student feedback is mixed but improving with emphasis on academics, campus culture, and placements.",Solid placements | Balanced choice,CUET / State Entrance,Normalized from public sources and institutional history
Osmania University,University,Hyderabad,1918,Government,"UG, PG, Research",https://www.osmania.ac.in/,https://www.osmania.ac.in/,High,64204,₹50k - ₹100k,4.4,54,5.4,CUET / State Entrance,Osmania University is a government multidisciplinary institution in India with a broad academic ecosystem.,UG programs | PG programs | Research programs,Placement rate around 54%; average package approx ₹5.4 LPA.,"Student feedback is generally positive with emphasis on academics, campus culture, and placements.",Low fees | Growing placements | Well rated,CUET / State Entrance,Normalized from public sources and institutional history
Andhra University,University,Visakhapatnam,1926,Government,"UG, PG, Research",https://www.andhrauniversity.edu.in/,https://www.andhrauniversity.edu.in/,High,232181,₹100k - ₹250k,4.5,71,13.1,CUET / State Entrance,Andhra University is a government multidisciplinary institution in India with a broad academic ecosystem.,UG programs | PG programs | Research programs,Placement rate around 71%; average package approx ₹13.1 LPA.,"Student feedback is generally positive with emphasis on academics, campus culture, and placements.",Growing placements | Well rated,CUET / State Entrance,Normalized from public sources and institutional history
Kakatiya University,University,Warangal,1976,Government,"UG, PG, Research",https://kakatiya.ac.in/,https://kakatiya.ac.in/,High,242343,₹100k - ₹250k,4.7,73,9.3,CUET / State Entrance,Kakatiya University is a government multidisciplinary institution in India with a broad academic ecosystem.,UG programs | PG programs | Research programs,Placement rate around 73%; average package approx ₹9.3 LPA.,"Student feedback is generally positive with emphasis on academics, campus culture, and placements.",Growing placements | Top rated,CUET / State Entrance,Normalized from public sources and institutional history
Utkal University,University,Bhubaneswar,1943,Government,"UG, PG, Research",https://utkaluniversity.ac.in/,https://utkaluniversity.ac.in/,High,61000,₹50k - ₹100k,4.0,50,5.0,CUET / State Entrance,Utkal University is a government multidisciplinary institution in India with a broad academic ecosystem.,UG programs | PG programs | Research programs,Placement rate around 50%; average package approx ₹5.0 LPA.,"Student feedback is mixed but improving with emphasis on academics, campus culture, and placements.",Low fees | Growing placements | Balanced choice,CUET / State Entrance,Normalized from public sources and institutional history
Sambalpur University,University,Sambalpur,1967,Government,"UG, PG, Research",https://suniv.ac.in/,https://suniv.ac.in/,High,256883,₹250k - ₹500k,4.3,53,13.3,CUET / State Entrance,Sambalpur University is a government multidisciplinary institution in India with a broad academic ecosystem.,UG programs | PG programs | Research programs,Placement rate around 53%; average package approx ₹13.3 LPA.,"Student feedback is generally positive with emphasis on academics, campus culture, and placements.",Growing placements | Well rated,CUET / State Entrance,Normalized from public sources and institutional history
Berhampur University,University,Berhampur,1967,Government,"UG, PG, Research",https://bamu.nic.in/,https://bamu.nic.in/,High,40685,₹0 - ₹50k,4.5,55,13.5,CUET / State Entrance,Berhampur University is a government multidisciplinary institution in India with a broad academic ecosystem.,UG programs | PG programs | Research programs,Placement rate around 55%; average package approx ₹13.5 LPA.,"Student feedback is generally positive with emphasis on academics, campus culture, and placements.",Low fees | Growing placements | Well rated,CUET / State Entrance,Normalized from public sources and institutional history
Ravenshaw University,University,Cuttack,1868,Government,"UG, PG, Research",https://ravenshawuniversity.ac.in/,https://ravenshawuniversity.ac.in/,High,153787,₹100k - ₹250k,4.3,77,13.7,CUET / State Entrance,Ravenshaw University is a government multidisciplinary institution in India with a broad academic ecosystem.,UG programs | PG programs | Research programs,Placement rate around 77%; average package approx ₹13.7 LPA.,"Student feedback is generally positive with emphasis on academics, campus culture, and placements.",Solid placements | Well rated,CUET / State Entrance,Normalized from public sources and institutional history
Tezpur University,University,Tezpur,1994,Government,"UG, PG, Research",https://www.tezu.ernet.in/,https://www.tezu.ernet.in/,High,217393,₹100k - ₹250k,4.1,83,14.3,CUET / State Entrance,Tezpur University is a government multidisciplinary institution in India with a broad academic ecosystem.,UG programs | PG programs | Research programs,Placement rate around 83%; average package approx ₹14.3 LPA.,"Student feedback is mixed but improving with emphasis on academics, campus culture, and placements.",Solid placements | Balanced choice,CUET / State Entrance,Normalized from public sources and institutional history
Mizoram University,University,Aizawl,2001,Government,"UG, PG, Research",https://mzu.edu.in/,https://mzu.edu.in/,High,268541,₹250k - ₹500k,4.5,71,9.1,CUET / State Entrance,Mizoram University is a government multidisciplinary institution in Aizawl with a broad academic ecosystem.,UG programs | PG programs | Research programs,Placement rate around 71%; average package approx ₹9.1 LPA.,"Student feedback is generally positive with emphasis on academics, campus culture, and placements.",Growing placements | Well rated,CUET / State Entrance,Normalized from public sources and institutional history
North-Eastern Hill University,University,Shillong,1973,Government,"UG, PG, Research",https://nehu.ac.in/,https://nehu.ac.in/,High,110355,₹100k - ₹250k,4.3,85,10.5,CUET / State Entrance,North-Eastern Hill University is a government multidisciplinary institution in India with a broad academic ecosystem.,UG programs | PG programs | Research programs,Placement rate around 85%; average package approx ₹10.5 LPA.,"Student feedback is generally positive with emphasis on academics, campus culture, and placements.",Solid placements | Well rated,CUET / State Entrance,Normalized from public sources and institutional history
Panjab University,University,Chandigarh,1882,Government,"UG, PG, Research",https://puchd.ac.in/,https://puchd.ac.in/,High,126866,₹100k - ₹250k,4.2,76,11.6,CUET / State Entrance,Panjab University is a government multidisciplinary institution in India with a broad academic ecosystem.,UG programs | PG programs | Research programs,Placement rate around 76%; average package approx ₹11.6 LPA.,"Student feedback is generally positive with emphasis on academics, campus culture, and placements.",Solid placements | Well rated,CUET / State Entrance,Normalized from public sources and institutional history
Guru Nanak Dev University,University,Amritsar,1969,Government,"UG, PG, Research",https://www.gndu.ac.in/,https://www.gndu.ac.in/,High,248682,₹100k - ₹250k,4.2,52,13.2,CUET / State Entrance,Guru Nanak Dev University is a government multidisciplinary institution in India with a broad academic ecosystem.,UG programs | PG programs | Research programs,Placement rate around 52%; average package approx ₹13.2 LPA.,"Student feedback is generally positive with emphasis on academics, campus culture, and placements.",Growing placements | Well rated,CUET / State Entrance,Normalized from public sources and institutional history
University of Jammu,University,Jammu,1969,Government,"UG, PG, Research",https://www.jammuuniversity.ac.in/,https://www.jammuuniversity.ac.in/,High,236150,₹100k - ₹250k,4.6,80,10.0,CUET / State Entrance,University of Jammu is a government multidisciplinary institution in Jammu with a broad academic ecosystem.,UG programs | PG programs | Research programs,Placement rate around 80%; average package approx ₹10.0 LPA.,"Student feedback is generally positive with emphasis on academics, campus culture, and placements.",Solid placements | Top rated,CUET / State Entrance,Normalized from public sources and institutional history
University of Kashmir,University,Srinagar,1948,Government,"UG, PG, Research",https://www.kashmiruniversity.net/,https://www.kashmiruniversity.net/,High,279170,₹250k - ₹500k,4.2,60,12.0,CUET / State Entrance,University of Kashmir is a government multidisciplinary institution in India with a broad academic ecosystem.,UG programs | PG programs | Research programs,Placement rate around 60%; average package approx ₹12.0 LPA.,"Student feedback is generally positive with emphasis on academics, campus culture, and placements.",Growing placements | Well rated,CUET / State Entrance,Normalized from public sources and institutional history
Jamia Hamdard,University,Delhi,1989,Private,"UG, PG, Research",https://jamiahamdard.edu/,https://jamiahamdard.edu/,High,86002,₹50k - ₹100k,4.2,52,5.2,CUET / State Entrance,Jamia Hamdard is a private multidisciplinary institution in India with a broad academic ecosystem.,UG programs | PG programs | Research programs,Placement rate around 52%; average package approx ₹5.2 LPA.,"Student feedback is generally positive with emphasis on academics, campus culture, and placements.",Low fees | Growing placements | Well rated,CUET / State Entrance,Normalized from public sources and institutional history
Tata Institute of Social Sciences,University,Mumbai,1936,Government,"UG, PG, Research",https://www.tiss.edu/,https://www.tiss.edu/,High,257823,₹250k - ₹500k,4.7,73,7.3,CUET / State Entrance,Tata Institute of Social Sciences is a government multidisciplinary institution in India with a broad academic ecosystem.,UG programs | PG programs | Research programs,Placement rate around 73%; average package approx ₹7.3 LPA.,"Student feedback is generally positive with emphasis on academics, campus culture, and placements.",Growing placements | Top rated,CUET / State Entrance,Normalized from public sources and institutional history
Indian Statistical Institute,University,Kolkata,1931,Government,"UG, PG, Research",https://www.isical.ac.in/,https://www.isical.ac.in/,High,164179,₹100k - ₹250k,4.3,69,12.9,CUET / State Entrance,Indian Statistical Institute is a government multidisciplinary institution in India with a broad academic ecosystem.,UG programs | PG programs | Research programs,Placement rate around 69%; average package approx ₹12.9 LPA.,"Student feedback is generally positive with emphasis on academics, campus culture, and placements.",Growing placements | Well rated,CUET / State Entrance,Normalized from public sources and institutional history
SASTRA Deemed University,University,Thanjavur,1984,Private,"UG, PG, Research",https://www.sastra.edu/,https://www.sastra.edu/,High,89959,₹50k - ₹100k,4.7,89,10.9,CUET / State Entrance,SASTRA Deemed University is a private multidisciplinary institution in India with a broad academic ecosystem.,UG programs | PG programs | Research programs,Placement rate around 89%; average package approx ₹10.9 LPA.,"Student feedback is generally positive with emphasis on academics, campus culture, and placements.",Low fees | Solid placements | Top rated,CUET / State Entrance,Normalized from public sources and institutional history
Christ University,Arts,Bengaluru,1969,Private,"BA, BSc, BCom, MA",https://christuniversity.in/,https://christuniversity.in/,High,27108,₹0 - ₹50k,4.6,53,6.8,CUET / State Entrance,"Christ University is a private arts and science college in Bengaluru known for academics, campus culture, and student life.",BA | BSc | BCom | MA,Placement rate around 53%; average package approx ₹6.8 LPA.,"Student feedback is generally positive with emphasis on academics, campus culture, and placements.",Low fees | Growing placements | Top rated | Academic campus,CUET / State Entrance,Normalized from public sources and institutional history
Shiv Nadar University,University,Greater Noida,2011,Private,"UG, PG, Research",https://snu.edu.in/,https://snu.edu.in/,High,34816,₹0 - ₹50k,4.3,66,6.6,CUET / State Entrance,Shiv Nadar University is a private multidisciplinary institution in India with a broad academic ecosystem.,UG programs | PG programs | Research programs,Placement rate around 66%; average package approx ₹6.6 LPA.,"Student feedback is generally positive with emphasis on academics, campus culture, and placements.",Low fees | Growing placements | Well rated,CUET / State Entrance,Normalized from public sources and institutional history
Ashoka University,University,Sonipat,2014,Private,"UG, PG, Research",https://www.ashoka.edu.in/,https://www.ashoka.edu.in/,High,252955,₹250k - ₹500k,4.3,85,10.5,CUET / State Entrance,Ashoka University is a private multidisciplinary institution in India with a broad academic ecosystem.,UG programs | PG programs | Research programs,Placement rate around 85%; average package approx ₹10.5 LPA.,"Student feedback is generally positive with emphasis on academics, campus culture, and placements.",Solid placements | Well rated,CUET / State Entrance,Normalized from public sources and institutional history
OP Jindal Global University,University,Sonipat,2009,Private,"UG, PG, Research",https://jgu.edu.in/,https://jgu.edu.in/,High,255739,₹250k - ₹500k,4.3,69,8.9,CUET / State Entrance,OP Jindal Global University is a private multidisciplinary institution in India with a broad academic ecosystem.,UG programs | PG programs | Research programs,Placement rate around 69%; average package approx ₹8.9 LPA.,"Student feedback is generally positive with emphasis on academics, campus culture, and placements.",Growing placements | Well rated,CUET / State Entrance,Normalized from public sources and institutional history
Azim Premji University,University,Bengaluru,2010,Private,"UG, PG, Research",https://azimpremjiuniversity.edu.in/,https://azimpremjiuniversity.edu.in/,High,156473,₹100k - ₹250k,4.3,83,12.3,CUET / State Entrance,Azim Premji University is a private multidisciplinary institution in India with a broad academic ecosystem.,UG programs | PG programs | Research programs,Placement rate around 83%; average package approx ₹12.3 LPA.,"Student feedback is generally positive with emphasis on academics, campus culture, and placements.",Solid placements | Well rated,CUET / State Entrance,Normalized from public sources and institutional history
M S University of Baroda,University,Vadodara,1949,Private,"UG, PG, Research",https://msubaroda.ac.in/,https://msubaroda.ac.in/,High,58797,₹50k - ₹100k,4.5,87,14.7,CUET / State Entrance,M S University of Baroda is a private multidisciplinary institution in India with a broad academic ecosystem.,UG programs | PG programs | Research programs,Placement rate around 87%; average package approx ₹14.7 LPA.,"Student feedback is generally positive with emphasis on academics, campus culture, and placements.",Low fees | Solid placements | Well rated,CUET / State Entrance,Normalized from public sources and institutional history
Hindu College,Arts,Delhi,1899,Private,"BA, BSc, BCom, MA",https://www.hinducollege.ac.in/,https://www.hinducollege.ac.in/,High,17659,₹0 - ₹50k,4.7,59,5.9,CUET / State Entrance,"Hindu College is a private arts and science college in Delhi known for academics, campus culture, and student life.",BA | BSc | BCom | MA,Placement rate around 59%; average package approx ₹5.9 LPA.,"Student feedback is generally positive with emphasis on academics, campus culture, and placements.",Low fees | Growing placements | Top rated | Academic campus,CUET / State Entrance,Normalized from public sources and institutional history
Miranda House,Arts,Delhi,1948,Private,"BA, BSc, BCom, MA",https://www.mirandahouse.ac.in/,https://www.mirandahouse.ac.in/,High,9014,₹0 - ₹50k,4.7,44,7.4,CUET / State Entrance,"Miranda House is a private arts and science college in Delhi known for academics, campus culture, and student life.",BA | BSc | BCom | MA,Placement rate around 44%; average package approx ₹7.4 LPA.,"Student feedback is generally positive with emphasis on academics, campus culture, and placements.",Low fees | Growing placements | Top rated | Academic campus,CUET / State Entrance,Normalized from public sources and institutional history
St. Stephen's College,Arts,Delhi,1881,Private,"BA, BSc, BCom, MA",https://www.ststephens.edu/,https://www.ststephens.edu/,High,65885,₹50k - ₹100k,4.3,65,6.5,CUET / State Entrance,"St. Stephen's College is a private arts and science college in India known for academics, campus culture, and student life.",BA | BSc | BCom | MA,Placement rate around 65%; average package approx ₹6.5 LPA.,"Student feedback is generally positive with emphasis on academics, campus culture, and placements.",Low fees | Growing placements | Well rated | Academic campus,CUET / State Entrance,Normalized from public sources and institutional history
Lady Shri Ram College for Women,Arts,Delhi,1956,Private,"BA, BSc, BCom, MA",https://lsr.edu.in/,https://lsr.edu.in/,High,25908,₹0 - ₹50k,4.3,73,8.8,CUET / State Entrance,"Lady Shri Ram College for Women is a private arts and science college in India known for academics, campus culture, and student life.",BA | BSc | BCom | MA,Placement rate around 73%; average package approx ₹8.8 LPA.,"Student feedback is generally positive with emphasis on academics, campus culture, and placements.",Low fees | Growing placements | Well rated | Academic campus,CUET / State Entrance,Normalized from public sources and institutional history
Hansraj College,Arts,Delhi,1948,Private,"BA, BSc, BCom, MA",https://www.hansrajcollege.ac.in/,https://www.hansrajcollege.ac.in/,High,52669,₹50k - ₹100k,4.3,64,4.9,CUET / State Entrance,"Hansraj College is a private arts and science college in Delhi known for academics, campus culture, and student life.",BA | BSc | BCom | MA,Placement rate around 64%; average package approx ₹4.9 LPA.,"Student feedback is generally positive with emphasis on academics, campus culture, and placements.",Low fees | Growing placements | Well rated | Academic campus,CUET / State Entrance,Normalized from public sources and institutional history
Ramjas College,Arts,Delhi,1917,Private,"BA, BSc, BCom, MA",https://ramjas.du.ac.in/,https://ramjas.du.ac.in/,High,24825,₹0 - ₹50k,4.5,50,6.5,CUET / State Entrance,"Ramjas College is a private arts and science college in Delhi known for academics, campus culture, and student life.",BA | BSc | BCom | MA,Placement rate around 50%; average package approx ₹6.5 LPA.,"Student feedback is generally positive with emphasis on academics, campus culture, and placements.",Low fees | Growing placements | Well rated | Academic campus,CUET / State Entrance,Normalized from public sources and institutional history
Kirori Mal College,Arts,Delhi,1954,Private,"BA, BSc, BCom, MA",https://www.kmc.du.ac.in/,https://www.kmc.du.ac.in/,High,62904,₹50k - ₹100k,4.4,59,4.4,CUET / State Entrance,"Kirori Mal College is a private arts and science college in Delhi known for academics, campus culture, and student life.",BA | BSc | BCom | MA,Placement rate around 59%; average package approx ₹4.4 LPA.,"Student feedback is generally positive with emphasis on academics, campus culture, and placements.",Low fees | Growing placements | Well rated | Academic campus,CUET / State Entrance,Normalized from public sources and institutional history
Sri Venkateswara College,Arts,Delhi,1961,Private,"BA, BSc, BCom, MA",https://www.svc.ac.in/,https://www.svc.ac.in/,High,18827,₹0 - ₹50k,4.6,77,4.7,CUET / State Entrance,"Sri Venkateswara College is a private arts and science college in Delhi known for academics, campus culture, and student life.",BA | BSc | BCom | MA,Placement rate around 77%; average package approx ₹4.7 LPA.,"Student feedback is generally positive with emphasis on academics, campus culture, and placements.",Low fees | Solid placements | Top rated | Academic campus,CUET / State Entrance,Normalized from public sources and institutional history
Atma Ram Sanatan Dharma College,Arts,Delhi,1959,Private,"BA, BSc, BCom, MA",https://www.arSDcollege.in/,https://www.arSDcollege.in/,High,41128,₹0 - ₹50k,4.5,63,4.8,CUET / State Entrance,"Atma Ram Sanatan Dharma College is a private arts and science college in Delhi known for academics, campus culture, and student life.",BA | BSc | BCom | MA,Placement rate around 63%; average package approx ₹4.8 LPA.,"Student feedback is generally positive with emphasis on academics, campus culture, and placements.",Low fees | Growing placements | Well rated | Academic campus,CUET / State Entrance,Normalized from public sources and institutional history
Daulat Ram College,Arts,Delhi,1960,Private,"BA, BSc, BCom, MA",https://www.daulatramcollege.ac.in/,https://www.daulatramcollege.ac.in/,High,33845,₹0 - ₹50k,4.2,80,6.5,CUET / State Entrance,"Daulat Ram College is a private arts and science college in Delhi known for academics, campus culture, and student life.",BA | BSc | BCom | MA,Placement rate around 80%; average package approx ₹6.5 LPA.,"Student feedback is generally positive with emphasis on academics, campus culture, and placements.",Low fees | Solid placements | Well rated | Academic campus,CUET / State Entrance,Normalized from public sources and institutional history
Deen Dayal Upadhyaya College,Arts,Delhi,1990,Private,"BA, BSc, BCom, MA",https://dducollegedu.ac.in/,https://dducollegedu.ac.in/,High,60186,₹50k - ₹100k,4.2,76,4.6,CUET / State Entrance,"Deen Dayal Upadhyaya College is a private arts and science college in Delhi known for academics, campus culture, and student life.",BA | BSc | BCom | MA,Placement rate around 76%; average package approx ₹4.6 LPA.,"Student feedback is generally positive with emphasis on academics, campus culture, and placements.",Low fees | Solid placements | Well rated | Academic campus,CUET / State Entrance,Normalized from public sources and institutional history
Zakir Husain Delhi College,Arts,Delhi,1696,Private,"BA, BSc, BCom, MA",https://zhdc.ac.in/,https://zhdc.ac.in/,High,27429,₹0 - ₹50k,4.5,69,6.9,CUET / State Entrance,"Zakir Husain Delhi College is a private arts and science college in New Delhi known for academics, campus culture, and student life.",BA | BSc | BCom | MA,Placement rate around 69%; average package approx ₹6.9 LPA.,"Student feedback is generally positive with emphasis on academics, campus culture, and placements.",Low fees | Growing placements | Well rated | Academic campus,CUET / State Entrance,Normalized from public sources and institutional history
St. Xavier's College Kolkata,Arts,Kolkata,1860,Private,"BA, BSc, BCom, MA",https://www.sxccal.edu/,https://www.sxccal.edu/,High,49316,₹0 - ₹50k,4.3,56,5.6,CUET / State Entrance,"St. Xavier's College Kolkata is a private arts and science college in Kolkata known for academics, campus culture, and student life.",BA | BSc | BCom | MA,Placement rate around 56%; average package approx ₹5.6 LPA.,"Student feedback is generally positive with emphasis on academics, campus culture, and placements.",Low fees | Growing placements | Well rated | Academic campus,CUET / State Entrance,Normalized from public sources and institutional history
Presidency College Chennai,Arts,Chennai,1840,Private,"BA, BSc, BCom, MA",https://www.presidencycollegechennai.ac.in/,https://www.presidencycollegechennai.ac.in/,High,68578,₹50k - ₹100k,4.1,43,5.8,CUET / State Entrance,"Presidency College Chennai is a private arts and science college in Chennai known for academics, campus culture, and student life.",BA | BSc | BCom | MA,Placement rate around 43%; average package approx ₹5.8 LPA.,"Student feedback is mixed but improving with emphasis on academics, campus culture, and placements.",Low fees | Growing placements | Balanced choice | Academic campus,CUET / State Entrance,Normalized from public sources and institutional history
Loyola College Chennai,Arts,Chennai,1925,Private,"BA, BSc, BCom, MA",https://www.loyolacollege.edu/,https://www.loyolacollege.edu/,High,9962,₹0 - ₹50k,4.3,62,6.2,CUET / State Entrance,"Loyola College Chennai is a private arts and science college in Chennai known for academics, campus culture, and student life.",BA | BSc | BCom | MA,Placement rate around 62%; average package approx ₹6.2 LPA.,"Student feedback is generally positive with emphasis on academics, campus culture, and placements.",Low fees | Growing placements | Well rated | Academic campus,CUET / State Entrance,Normalized from public sources and institutional history
Madras Christian College,Arts,Chennai,1837,Private,"BA, BSc, BCom, MA",https://www.mcc.edu.in/,https://www.mcc.edu.in/,High,63600,₹50k - ₹100k,4.7,80,8.0,CUET / State Entrance,"Madras Christian College is a private arts and science college in Chennai known for academics, campus culture, and student life.",BA | BSc | BCom | MA,Placement rate around 80%; average package approx ₹8.0 LPA.,"Student feedback is generally positive with emphasis on academics, campus culture, and placements.",Low fees | Solid placements | Top rated | Academic campus,CUET / State Entrance,Normalized from public sources and institutional history
